SET NAMES utf8mb4;
SET FOREIGN_KEY_CHECKS = 0;

-- ----------------------------
-- Table structure for city
-- ----------------------------
DROP TABLE IF EXISTS `city`;
CREATE TABLE `city`  (
  `city_id` bigint(20) NOT NULL DEFAULT 0 COMMENT '城市id',
  `province_id` bigint(20) NULL DEFAULT NULL COMMENT '所属省id',
  `city_name` varchar(50) CHARACTER SET utf8 COLLATE utf8_bin NULL DEFAULT NULL COMMENT '城市名称',
  PRIMARY KEY (`city_id`) USING BTREE
) ENGINE = InnoDB CHARACTER SET = utf8 COLLATE = utf8_bin ROW_FORMAT = Dynamic;

-- ----------------------------
-- Records of city
-- ----------------------------
INSERT INTO `city` VALUES (110100, 110000, '北京市市辖区');
INSERT INTO `city` VALUES (120100, 120000, '天津市市辖区');
INSERT INTO `city` VALUES (120200, 120000, '天津市郊县');
INSERT INTO `city` VALUES (130100, 130000, '石家庄市');
INSERT INTO `city` VALUES (130200, 130000, '唐山市');
INSERT INTO `city` VALUES (130300, 130000, '秦皇岛市');
INSERT INTO `city` VALUES (130400, 130000, '邯郸市');
INSERT INTO `city` VALUES (130500, 130000, '邢台市');
INSERT INTO `city` VALUES (130600, 130000, '保定市');
INSERT INTO `city` VALUES (130700, 130000, '张家口市');
INSERT INTO `city` VALUES (130800, 130000, '承德市');
INSERT INTO `city` VALUES (130900, 130000, '沧州市');
INSERT INTO `city` VALUES (131000, 130000, '廊坊市');
INSERT INTO `city` VALUES (131100, 130000, '衡水市');
INSERT INTO `city` VALUES (140100, 140000, '太原市');
INSERT INTO `city` VALUES (140200, 140000, '大同市');
INSERT INTO `city` VALUES (140300, 140000, '阳泉市');
INSERT INTO `city` VALUES (140400, 140000, '长治市');
INSERT INTO `city` VALUES (140500, 140000, '晋城市');
INSERT INTO `city` VALUES (140600, 140000, '朔州市');
INSERT INTO `city` VALUES (140700, 140000, '晋中市');
INSERT INTO `city` VALUES (140800, 140000, '运城市');
INSERT INTO `city` VALUES (140900, 140000, '忻州市');
INSERT INTO `city` VALUES (141000, 140000, '临汾市');
INSERT INTO `city` VALUES (141100, 140000, '吕梁市');
INSERT INTO `city` VALUES (150100, 150000, '呼和浩特市');
INSERT INTO `city` VALUES (150200, 150000, '包头市');
INSERT INTO `city` VALUES (150300, 150000, '乌海市');
INSERT INTO `city` VALUES (150400, 150000, '赤峰市');
INSERT INTO `city` VALUES (150500, 150000, '通辽市');
INSERT INTO `city` VALUES (150600, 150000, '鄂尔多斯市');
INSERT INTO `city` VALUES (150700, 150000, '呼伦贝尔市');
INSERT INTO `city` VALUES (150800, 150000, '巴彦淖尔市');
INSERT INTO `city` VALUES (150900, 150000, '乌兰察布市');
INSERT INTO `city` VALUES (152200, 150000, '兴安盟');
INSERT INTO `city` VALUES (152500, 150000, '锡林郭勒盟');
INSERT INTO `city` VALUES (152900, 150000, '阿拉善盟');
INSERT INTO `city` VALUES (210100, 210000, '沈阳市');
INSERT INTO `city` VALUES (210200, 210000, '大连市');
INSERT INTO `city` VALUES (210300, 210000, '鞍山市');
INSERT INTO `city` VALUES (210400, 210000, '抚顺市');
INSERT INTO `city` VALUES (210500, 210000, '本溪市');
INSERT INTO `city` VALUES (210600, 210000, '丹东市');
INSERT INTO `city` VALUES (210700, 210000, '锦州市');
INSERT INTO `city` VALUES (210800, 210000, '营口市');
INSERT INTO `city` VALUES (210900, 210000, '阜新市');
INSERT INTO `city` VALUES (211000, 210000, '辽阳市');
INSERT INTO `city` VALUES (211100, 210000, '盘锦市');
INSERT INTO `city` VALUES (211200, 210000, '铁岭市');
INSERT INTO `city` VALUES (211300, 210000, '朝阳市');
INSERT INTO `city` VALUES (211400, 210000, '葫芦岛市');
INSERT INTO `city` VALUES (220100, 220000, '长春市');
INSERT INTO `city` VALUES (220200, 220000, '吉林市');
INSERT INTO `city` VALUES (220300, 220000, '四平市');
INSERT INTO `city` VALUES (220400, 220000, '辽源市');
INSERT INTO `city` VALUES (220500, 220000, '通化市');
INSERT INTO `city` VALUES (220600, 220000, '白山市');
INSERT INTO `city` VALUES (220700, 220000, '松原市');
INSERT INTO `city` VALUES (220800, 220000, '白城市');
INSERT INTO `city` VALUES (222400, 220000, '延边朝鲜族自治州');
INSERT INTO `city` VALUES (230100, 230000, '哈尔滨市');
INSERT INTO `city` VALUES (230200, 230000, '齐齐哈尔市');
INSERT INTO `city` VALUES (230300, 230000, '鸡西市');
INSERT INTO `city` VALUES (230400, 230000, '鹤岗市');
INSERT INTO `city` VALUES (230500, 230000, '双鸭山市');
INSERT INTO `city` VALUES (230600, 230000, '大庆市');
INSERT INTO `city` VALUES (230700, 230000, '伊春市');
INSERT INTO `city` VALUES (230800, 230000, '佳木斯市');
INSERT INTO `city` VALUES (230900, 230000, '七台河市');
INSERT INTO `city` VALUES (231000, 230000, '牡丹江市');
INSERT INTO `city` VALUES (231100, 230000, '黑河市');
INSERT INTO `city` VALUES (231200, 230000, '绥化市');
INSERT INTO `city` VALUES (232700, 230000, '大兴安岭地区');
INSERT INTO `city` VALUES (310100, 310000, '上海市市辖区');
INSERT INTO `city` VALUES (310200, 310000, '上海市郊县');
INSERT INTO `city` VALUES (320100, 320000, '南京市');
INSERT INTO `city` VALUES (320200, 320000, '无锡市');
INSERT INTO `city` VALUES (320300, 320000, '徐州市');
INSERT INTO `city` VALUES (320400, 320000, '常州市');
INSERT INTO `city` VALUES (320500, 320000, '苏州市');
INSERT INTO `city` VALUES (320600, 320000, '南通市');
INSERT INTO `city` VALUES (320700, 320000, '连云港市');
INSERT INTO `city` VALUES (320800, 320000, '淮安市');
INSERT INTO `city` VALUES (320900, 320000, '盐城市');
INSERT INTO `city` VALUES (321000, 320000, '扬州市');
INSERT INTO `city` VALUES (321100, 320000, '镇江市');
INSERT INTO `city` VALUES (321200, 320000, '泰州市');
INSERT INTO `city` VALUES (321300, 320000, '宿迁市');
INSERT INTO `city` VALUES (330100, 330000, '杭州市');
INSERT INTO `city` VALUES (330200, 330000, '宁波市');
INSERT INTO `city` VALUES (330300, 330000, '温州市');
INSERT INTO `city` VALUES (330400, 330000, '嘉兴市');
INSERT INTO `city` VALUES (330500, 330000, '湖州市');
INSERT INTO `city` VALUES (330600, 330000, '绍兴市');
INSERT INTO `city` VALUES (330700, 330000, '金华市');
INSERT INTO `city` VALUES (330800, 330000, '衢州市');
INSERT INTO `city` VALUES (330900, 330000, '舟山市');
INSERT INTO `city` VALUES (331000, 330000, '台州市');
INSERT INTO `city` VALUES (331100, 330000, '丽水市');
INSERT INTO `city` VALUES (340100, 340000, '合肥市');
INSERT INTO `city` VALUES (340200, 340000, '芜湖市');
INSERT INTO `city` VALUES (340300, 340000, '蚌埠市');
INSERT INTO `city` VALUES (340400, 340000, '淮南市');
INSERT INTO `city` VALUES (340500, 340000, '马鞍山市');
INSERT INTO `city` VALUES (340600, 340000, '淮北市');
INSERT INTO `city` VALUES (340700, 340000, '铜陵市');
INSERT INTO `city` VALUES (340800, 340000, '安庆市');
INSERT INTO `city` VALUES (341000, 340000, '黄山市');
INSERT INTO `city` VALUES (341100, 340000, '滁州市');
INSERT INTO `city` VALUES (341200, 340000, '阜阳市');
INSERT INTO `city` VALUES (341300, 340000, '宿州市');
INSERT INTO `city` VALUES (341500, 340000, '六安市');
INSERT INTO `city` VALUES (341600, 340000, '亳州市');
INSERT INTO `city` VALUES (341700, 340000, '池州市');
INSERT INTO `city` VALUES (341800, 340000, '宣城市');
INSERT INTO `city` VALUES (350100, 350000, '福州市');
INSERT INTO `city` VALUES (350200, 350000, '厦门市');
INSERT INTO `city` VALUES (350300, 350000, '莆田市');
INSERT INTO `city` VALUES (350400, 350000, '三明市');
INSERT INTO `city` VALUES (350500, 350000, '泉州市');
INSERT INTO `city` VALUES (350600, 350000, '漳州市');
INSERT INTO `city` VALUES (350700, 350000, '南平市');
INSERT INTO `city` VALUES (350800, 350000, '龙岩市');
INSERT INTO `city` VALUES (350900, 350000, '宁德市');
INSERT INTO `city` VALUES (360100, 360000, '南昌市');
INSERT INTO `city` VALUES (360200, 360000, '景德镇市');
INSERT INTO `city` VALUES (360300, 360000, '萍乡市');
INSERT INTO `city` VALUES (360400, 360000, '九江市');
INSERT INTO `city` VALUES (360500, 360000, '新余市');
INSERT INTO `city` VALUES (360600, 360000, '鹰潭市');
INSERT INTO `city` VALUES (360700, 360000, '赣州市');
INSERT INTO `city` VALUES (360800, 360000, '吉安市');
INSERT INTO `city` VALUES (360900, 360000, '宜春市');
INSERT INTO `city` VALUES (361000, 360000, '抚州市');
INSERT INTO `city` VALUES (361100, 360000, '上饶市');
INSERT INTO `city` VALUES (370100, 370000, '济南市');
INSERT INTO `city` VALUES (370200, 370000, '青岛市');
INSERT INTO `city` VALUES (370300, 370000, '淄博市');
INSERT INTO `city` VALUES (370400, 370000, '枣庄市');
INSERT INTO `city` VALUES (370500, 370000, '东营市');
INSERT INTO `city` VALUES (370600, 370000, '烟台市');
INSERT INTO `city` VALUES (370700, 370000, '潍坊市');
INSERT INTO `city` VALUES (370800, 370000, '济宁市');
INSERT INTO `city` VALUES (370900, 370000, '泰安市');
INSERT INTO `city` VALUES (371000, 370000, '威海市');
INSERT INTO `city` VALUES (371100, 370000, '日照市');
INSERT INTO `city` VALUES (371200, 370000, '莱芜市');
INSERT INTO `city` VALUES (371300, 370000, '临沂市');
INSERT INTO `city` VALUES (371400, 370000, '德州市');
INSERT INTO `city` VALUES (371500, 370000, '聊城市');
INSERT INTO `city` VALUES (371600, 370000, '滨州市');
INSERT INTO `city` VALUES (371700, 370000, '菏泽市');
INSERT INTO `city` VALUES (410100, 410000, '郑州市');
INSERT INTO `city` VALUES (410200, 410000, '开封市');
INSERT INTO `city` VALUES (410300, 410000, '洛阳市');
INSERT INTO `city` VALUES (410400, 410000, '平顶山市');
INSERT INTO `city` VALUES (410500, 410000, '安阳市');
INSERT INTO `city` VALUES (410600, 410000, '鹤壁市');
INSERT INTO `city` VALUES (410700, 410000, '新乡市');
INSERT INTO `city` VALUES (410800, 410000, '焦作市');
INSERT INTO `city` VALUES (410900, 410000, '濮阳市');
INSERT INTO `city` VALUES (411000, 410000, '许昌市');
INSERT INTO `city` VALUES (411100, 410000, '漯河市');
INSERT INTO `city` VALUES (411200, 410000, '三门峡市');
INSERT INTO `city` VALUES (411300, 410000, '南阳市');
INSERT INTO `city` VALUES (411400, 410000, '商丘市');
INSERT INTO `city` VALUES (411500, 410000, '信阳市');
INSERT INTO `city` VALUES (411600, 410000, '周口市');
INSERT INTO `city` VALUES (411700, 410000, '驻马店市');
INSERT INTO `city` VALUES (419001, 410000, '济源市');
INSERT INTO `city` VALUES (420100, 420000, '武汉市');
INSERT INTO `city` VALUES (420200, 420000, '黄石市');
INSERT INTO `city` VALUES (420300, 420000, '十堰市');
INSERT INTO `city` VALUES (420500, 420000, '宜昌市');
INSERT INTO `city` VALUES (420600, 420000, '襄阳市');
INSERT INTO `city` VALUES (420700, 420000, '鄂州市');
INSERT INTO `city` VALUES (420800, 420000, '荆门市');
INSERT INTO `city` VALUES (420900, 420000, '孝感市');
INSERT INTO `city` VALUES (421000, 420000, '荆州市');
INSERT INTO `city` VALUES (421100, 420000, '黄冈市');
INSERT INTO `city` VALUES (421200, 420000, '咸宁市');
INSERT INTO `city` VALUES (421300, 420000, '随州市');
INSERT INTO `city` VALUES (422800, 420000, '恩施土家族苗族自治州');
INSERT INTO `city` VALUES (429004, 420000, '仙桃市');
INSERT INTO `city` VALUES (429005, 420000, '潜江市');
INSERT INTO `city` VALUES (429006, 420000, '天门市');
INSERT INTO `city` VALUES (429021, 420000, '神农架林区');
INSERT INTO `city` VALUES (430100, 430000, '长沙市');
INSERT INTO `city` VALUES (430200, 430000, '株洲市');
INSERT INTO `city` VALUES (430300, 430000, '湘潭市');
INSERT INTO `city` VALUES (430400, 430000, '衡阳市');
INSERT INTO `city` VALUES (430500, 430000, '邵阳市');
INSERT INTO `city` VALUES (430600, 430000, '岳阳市');
INSERT INTO `city` VALUES (430700, 430000, '常德市');
INSERT INTO `city` VALUES (430800, 430000, '张家界市');
INSERT INTO `city` VALUES (430900, 430000, '益阳市');
INSERT INTO `city` VALUES (431000, 430000, '郴州市');
INSERT INTO `city` VALUES (431100, 430000, '永州市');
INSERT INTO `city` VALUES (431200, 430000, '怀化市');
INSERT INTO `city` VALUES (431300, 430000, '娄底市');
INSERT INTO `city` VALUES (433100, 430000, '湘西土家族苗族自治州');
INSERT INTO `city` VALUES (440100, 440000, '广州市');
INSERT INTO `city` VALUES (440200, 440000, '韶关市');
INSERT INTO `city` VALUES (440300, 440000, '深圳市');
INSERT INTO `city` VALUES (440400, 440000, '珠海市');
INSERT INTO `city` VALUES (440500, 440000, '汕头市');
INSERT INTO `city` VALUES (440600, 440000, '佛山市');
INSERT INTO `city` VALUES (440700, 440000, '江门市');
INSERT INTO `city` VALUES (440800, 440000, '湛江市');
INSERT INTO `city` VALUES (440900, 440000, '茂名市');
INSERT INTO `city` VALUES (441200, 440000, '肇庆市');
INSERT INTO `city` VALUES (441300, 440000, '惠州市');
INSERT INTO `city` VALUES (441400, 440000, '梅州市');
INSERT INTO `city` VALUES (441500, 440000, '汕尾市');
INSERT INTO `city` VALUES (441600, 440000, '河源市');
INSERT INTO `city` VALUES (441700, 440000, '阳江市');
INSERT INTO `city` VALUES (441800, 440000, '清远市');
INSERT INTO `city` VALUES (441900, 440000, '东莞市');
INSERT INTO `city` VALUES (442000, 440000, '中山市');
INSERT INTO `city` VALUES (445100, 440000, '潮州市');
INSERT INTO `city` VALUES (445200, 440000, '揭阳市');
INSERT INTO `city` VALUES (445300, 440000, '云浮市');
INSERT INTO `city` VALUES (450100, 450000, '南宁市');
INSERT INTO `city` VALUES (450200, 450000, '柳州市');
INSERT INTO `city` VALUES (450300, 450000, '桂林市');
INSERT INTO `city` VALUES (450400, 450000, '梧州市');
INSERT INTO `city` VALUES (450500, 450000, '北海市');
INSERT INTO `city` VALUES (450600, 450000, '防城港市');
INSERT INTO `city` VALUES (450700, 450000, '钦州市');
INSERT INTO `city` VALUES (450800, 450000, '贵港市');
INSERT INTO `city` VALUES (450900, 450000, '玉林市');
INSERT INTO `city` VALUES (451000, 450000, '百色市');
INSERT INTO `city` VALUES (451100, 450000, '贺州市');
INSERT INTO `city` VALUES (451200, 450000, '河池市');
INSERT INTO `city` VALUES (451300, 450000, '来宾市');
INSERT INTO `city` VALUES (451400, 450000, '崇左市');
INSERT INTO `city` VALUES (460100, 460000, '海口市');
INSERT INTO `city` VALUES (460200, 460000, '三亚市');
INSERT INTO `city` VALUES (460300, 460000, '三沙市');
INSERT INTO `city` VALUES (460400, 460000, '儋州市');
INSERT INTO `city` VALUES (469001, 460000, '五指山市');
INSERT INTO `city` VALUES (469002, 460000, '琼海市');
INSERT INTO `city` VALUES (469005, 460000, '文昌市');
INSERT INTO `city` VALUES (469006, 460000, '万宁市');
INSERT INTO `city` VALUES (469007, 460000, '东方市');
INSERT INTO `city` VALUES (469021, 460000, '定安县');
INSERT INTO `city` VALUES (469022, 460000, '屯昌县');
INSERT INTO `city` VALUES (469023, 460000, '澄迈县');
INSERT INTO `city` VALUES (469024, 460000, '临高县');
INSERT INTO `city` VALUES (469025, 460000, '白沙黎族自治县');
INSERT INTO `city` VALUES (469026, 460000, '昌江黎族自治县');
INSERT INTO `city` VALUES (469027, 460000, '乐东黎族自治县');
INSERT INTO `city` VALUES (469028, 460000, '陵水黎族自治县');
INSERT INTO `city` VALUES (469029, 460000, '保亭黎族苗族自治县');
INSERT INTO `city` VALUES (469030, 460000, '琼中黎族苗族自治县');
INSERT INTO `city` VALUES (500100, 500000, '重庆市市辖区');
INSERT INTO `city` VALUES (500200, 500000, '重庆市郊县');
INSERT INTO `city` VALUES (510100, 510000, '成都市');
INSERT INTO `city` VALUES (510300, 510000, '自贡市');
INSERT INTO `city` VALUES (510400, 510000, '攀枝花市');
INSERT INTO `city` VALUES (510500, 510000, '泸州市');
INSERT INTO `city` VALUES (510600, 510000, '德阳市');
INSERT INTO `city` VALUES (510700, 510000, '绵阳市');
INSERT INTO `city` VALUES (510800, 510000, '广元市');
INSERT INTO `city` VALUES (510900, 510000, '遂宁市');
INSERT INTO `city` VALUES (511000, 510000, '内江市');
INSERT INTO `city` VALUES (511100, 510000, '乐山市');
INSERT INTO `city` VALUES (511300, 510000, '南充市');
INSERT INTO `city` VALUES (511400, 510000, '眉山市');
INSERT INTO `city` VALUES (511500, 510000, '宜宾市');
INSERT INTO `city` VALUES (511600, 510000, '广安市');
INSERT INTO `city` VALUES (511700, 510000, '达州市');
INSERT INTO `city` VALUES (511800, 510000, '雅安市');
INSERT INTO `city` VALUES (511900, 510000, '巴中市');
INSERT INTO `city` VALUES (512000, 510000, '资阳市');
INSERT INTO `city` VALUES (513200, 510000, '阿坝藏族羌族自治州');
INSERT INTO `city` VALUES (513300, 510000, '甘孜藏族自治州');
INSERT INTO `city` VALUES (513400, 510000, '凉山彝族自治州');
INSERT INTO `city` VALUES (520100, 520000, '贵阳市');
INSERT INTO `city` VALUES (520200, 520000, '六盘水市');
INSERT INTO `city` VALUES (520300, 520000, '遵义市');
INSERT INTO `city` VALUES (520400, 520000, '安顺市');
INSERT INTO `city` VALUES (520500, 520000, '毕节市');
INSERT INTO `city` VALUES (520600, 520000, '铜仁市');
INSERT INTO `city` VALUES (522300, 520000, '黔西南布依族苗族自治州');
INSERT INTO `city` VALUES (522600, 520000, '黔东南苗族侗族自治州');
INSERT INTO `city` VALUES (522700, 520000, '黔南布依族苗族自治州');
INSERT INTO `city` VALUES (530100, 530000, '昆明市');
INSERT INTO `city` VALUES (530300, 530000, '曲靖市');
INSERT INTO `city` VALUES (530400, 530000, '玉溪市');
INSERT INTO `city` VALUES (530500, 530000, '保山市');
INSERT INTO `city` VALUES (530600, 530000, '昭通市');
INSERT INTO `city` VALUES (530700, 530000, '丽江市');
INSERT INTO `city` VALUES (530800, 530000, '普洱市');
INSERT INTO `city` VALUES (530900, 530000, '临沧市');
INSERT INTO `city` VALUES (532300, 530000, '楚雄彝族自治州');
INSERT INTO `city` VALUES (532500, 530000, '红河哈尼族彝族自治州');
INSERT INTO `city` VALUES (532600, 530000, '文山壮族苗族自治州');
INSERT INTO `city` VALUES (532800, 530000, '西双版纳傣族自治州');
INSERT INTO `city` VALUES (532900, 530000, '大理白族自治州');
INSERT INTO `city` VALUES (533100, 530000, '德宏傣族景颇族自治州');
INSERT INTO `city` VALUES (533300, 530000, '怒江傈僳族自治州');
INSERT INTO `city` VALUES (533400, 530000, '迪庆藏族自治州');
INSERT INTO `city` VALUES (540100, 540000, '拉萨市');
INSERT INTO `city` VALUES (540200, 540000, '日喀则市');
INSERT INTO `city` VALUES (540300, 540000, '昌都市');
INSERT INTO `city` VALUES (540400, 540000, '林芝市');
INSERT INTO `city` VALUES (542200, 540000, '山南地区');
INSERT INTO `city` VALUES (542400, 540000, '那曲地区');
INSERT INTO `city` VALUES (542500, 540000, '阿里地区');
INSERT INTO `city` VALUES (610100, 610000, '西安市');
INSERT INTO `city` VALUES (610200, 610000, '铜川市');
INSERT INTO `city` VALUES (610300, 610000, '宝鸡市');
INSERT INTO `city` VALUES (610400, 610000, '咸阳市');
INSERT INTO `city` VALUES (610500, 610000, '渭南市');
INSERT INTO `city` VALUES (610600, 610000, '延安市');
INSERT INTO `city` VALUES (610700, 610000, '汉中市');
INSERT INTO `city` VALUES (610800, 610000, '榆林市');
INSERT INTO `city` VALUES (610900, 610000, '安康市');
INSERT INTO `city` VALUES (611000, 610000, '商洛市');
INSERT INTO `city` VALUES (620100, 620000, '兰州市');
INSERT INTO `city` VALUES (620200, 620000, '嘉峪关市');
INSERT INTO `city` VALUES (620300, 620000, '金昌市');
INSERT INTO `city` VALUES (620400, 620000, '白银市');
INSERT INTO `city` VALUES (620500, 620000, '天水市');
INSERT INTO `city` VALUES (620600, 620000, '武威市');
INSERT INTO `city` VALUES (620700, 620000, '张掖市');
INSERT INTO `city` VALUES (620800, 620000, '平凉市');
INSERT INTO `city` VALUES (620900, 620000, '酒泉市');
INSERT INTO `city` VALUES (621000, 620000, '庆阳市');
INSERT INTO `city` VALUES (621100, 620000, '定西市');
INSERT INTO `city` VALUES (621200, 620000, '陇南市');
INSERT INTO `city` VALUES (622900, 620000, '临夏回族自治州');
INSERT INTO `city` VALUES (623000, 620000, '甘南藏族自治州');
INSERT INTO `city` VALUES (630100, 630000, '西宁市');
INSERT INTO `city` VALUES (630200, 630000, '海东市');
INSERT INTO `city` VALUES (632200, 630000, '海北藏族自治州');
INSERT INTO `city` VALUES (632300, 630000, '黄南藏族自治州');
INSERT INTO `city` VALUES (632500, 630000, '海南藏族自治州');
INSERT INTO `city` VALUES (632600, 630000, '果洛藏族自治州');
INSERT INTO `city` VALUES (632700, 630000, '玉树藏族自治州');
INSERT INTO `city` VALUES (632800, 630000, '海西蒙古族藏族自治州');
INSERT INTO `city` VALUES (640100, 640000, '银川市');
INSERT INTO `city` VALUES (640200, 640000, '石嘴山市');
INSERT INTO `city` VALUES (640300, 640000, '吴忠市');
INSERT INTO `city` VALUES (640400, 640000, '固原市');
INSERT INTO `city` VALUES (640500, 640000, '中卫市');
INSERT INTO `city` VALUES (650100, 650000, '乌鲁木齐市');
INSERT INTO `city` VALUES (650200, 650000, '克拉玛依市');
INSERT INTO `city` VALUES (650400, 650000, '吐鲁番市');
INSERT INTO `city` VALUES (652200, 650000, '哈密地区');
INSERT INTO `city` VALUES (652300, 650000, '昌吉回族自治州');
INSERT INTO `city` VALUES (652700, 650000, '博尔塔拉蒙古自治州');
INSERT INTO `city` VALUES (652800, 650000, '巴音郭楞蒙古自治州');
INSERT INTO `city` VALUES (652900, 650000, '阿克苏地区');
INSERT INTO `city` VALUES (653000, 650000, '克孜勒苏柯尔克孜自治州');
INSERT INTO `city` VALUES (653100, 650000, '喀什地区');
INSERT INTO `city` VALUES (653200, 650000, '和田地区');
INSERT INTO `city` VALUES (654000, 650000, '伊犁哈萨克自治州');
INSERT INTO `city` VALUES (654200, 650000, '塔城地区');
INSERT INTO `city` VALUES (654300, 650000, '阿勒泰地区');
INSERT INTO `city` VALUES (659001, 650000, '石河子市');
INSERT INTO `city` VALUES (659002, 650000, '阿拉尔市');
INSERT INTO `city` VALUES (659003, 650000, '图木舒克市');
INSERT INTO `city` VALUES (659004, 650000, '五家渠市');
INSERT INTO `city` VALUES (659005, 650000, '北屯市');
INSERT INTO `city` VALUES (659006, 650000, '铁门关市');
INSERT INTO `city` VALUES (659007, 650000, '双河市');
INSERT INTO `city` VALUES (659008, 650000, '可克达拉市');
INSERT INTO `city` VALUES (810001, 810000, '中西区');
INSERT INTO `city` VALUES (810002, 810000, '湾仔区');
INSERT INTO `city` VALUES (810003, 810000, '东区');
INSERT INTO `city` VALUES (810004, 810000, '南区');
INSERT INTO `city` VALUES (810005, 810000, '油尖旺区');
INSERT INTO `city` VALUES (810006, 810000, '深水埗区');
INSERT INTO `city` VALUES (810007, 810000, '九龙城区');
INSERT INTO `city` VALUES (810008, 810000, '黄大仙区');
INSERT INTO `city` VALUES (810009, 810000, '观塘区');
INSERT INTO `city` VALUES (810010, 810000, '荃湾区');
INSERT INTO `city` VALUES (810011, 810000, '屯门区');
INSERT INTO `city` VALUES (810012, 810000, '元朗区');
INSERT INTO `city` VALUES (810013, 810000, '北区');
INSERT INTO `city` VALUES (810014, 810000, '大埔区');
INSERT INTO `city` VALUES (810015, 810000, '西贡区');
INSERT INTO `city` VALUES (810016, 810000, '沙田区');
INSERT INTO `city` VALUES (810017, 810000, '葵青区');
INSERT INTO `city` VALUES (810018, 810000, '离岛区');
INSERT INTO `city` VALUES (820001, 820000, '花地玛堂区');
INSERT INTO `city` VALUES (820002, 820000, '花王堂区');
INSERT INTO `city` VALUES (820003, 820000, '望德堂区');
INSERT INTO `city` VALUES (820004, 820000, '大堂区');
INSERT INTO `city` VALUES (820005, 820000, '风顺堂区');
INSERT INTO `city` VALUES (820006, 820000, '嘉模堂区');
INSERT INTO `city` VALUES (820007, 820000, '路凼填海区');
INSERT INTO `city` VALUES (820008, 820000, '圣方济各堂区');

-- ----------------------------
-- Table structure for county
-- ----------------------------
DROP TABLE IF EXISTS `county`;
CREATE TABLE `county`  (
  `county_id` bigint(20) NOT NULL DEFAULT 0 COMMENT '区县id',
  `city_id` bigint(20) NULL DEFAULT NULL COMMENT '所属市id',
  `county_name` varchar(50) CHARACTER SET utf8 COLLATE utf8_bin NULL DEFAULT NULL COMMENT '区县名称',
  PRIMARY KEY (`county_id`) USING BTREE
) ENGINE = InnoDB CHARACTER SET = utf8 COLLATE = utf8_bin ROW_FORMAT = Dynamic;

-- ----------------------------
-- Records of county
-- ----------------------------
INSERT INTO `county` VALUES (110101, 110100, '东城区');
INSERT INTO `county` VALUES (110102, 110100, '西城区');
INSERT INTO `county` VALUES (110105, 110100, '朝阳区');
INSERT INTO `county` VALUES (110106, 110100, '丰台区');
INSERT INTO `county` VALUES (110107, 110100, '石景山区');
INSERT INTO `county` VALUES (110108, 110100, '海淀区');
INSERT INTO `county` VALUES (110109, 110100, '门头沟区');
INSERT INTO `county` VALUES (110111, 110100, '房山区');
INSERT INTO `county` VALUES (110112, 110100, '通州区');
INSERT INTO `county` VALUES (110113, 110100, '顺义区');
INSERT INTO `county` VALUES (110114, 110100, '昌平区');
INSERT INTO `county` VALUES (110115, 110100, '大兴区');
INSERT INTO `county` VALUES (110116, 110100, '怀柔区');
INSERT INTO `county` VALUES (110117, 110100, '平谷区');
INSERT INTO `county` VALUES (110118, 110100, '密云区');
INSERT INTO `county` VALUES (110119, 110100, '延庆区');
INSERT INTO `county` VALUES (120101, 120100, '和平区');
INSERT INTO `county` VALUES (120102, 120100, '河东区');
INSERT INTO `county` VALUES (120103, 120100, '河西区');
INSERT INTO `county` VALUES (120104, 120100, '南开区');
INSERT INTO `county` VALUES (120105, 120100, '河北区');
INSERT INTO `county` VALUES (120106, 120100, '红桥区');
INSERT INTO `county` VALUES (120110, 120100, '东丽区');
INSERT INTO `county` VALUES (120111, 120100, '西青区');
INSERT INTO `county` VALUES (120112, 120100, '津南区');
INSERT INTO `county` VALUES (120113, 120100, '北辰区');
INSERT INTO `county` VALUES (120114, 120100, '武清区');
INSERT INTO `county` VALUES (120115, 120100, '宝坻区');
INSERT INTO `county` VALUES (120116, 120100, '滨海新区');
INSERT INTO `county` VALUES (120117, 120100, '宁河区');
INSERT INTO `county` VALUES (120118, 120100, '静海区');
INSERT INTO `county` VALUES (120225, 120100, '蓟县');
INSERT INTO `county` VALUES (130102, 130100, '长安区');
INSERT INTO `county` VALUES (130104, 130100, '桥西区');
INSERT INTO `county` VALUES (130105, 130100, '新华区');
INSERT INTO `county` VALUES (130107, 130100, '井陉矿区');
INSERT INTO `county` VALUES (130108, 130100, '裕华区');
INSERT INTO `county` VALUES (130109, 130100, '藁城区');
INSERT INTO `county` VALUES (130110, 130100, '鹿泉区');
INSERT INTO `county` VALUES (130111, 130100, '栾城区');
INSERT INTO `county` VALUES (130121, 130100, '井陉县');
INSERT INTO `county` VALUES (130123, 130100, '正定县');
INSERT INTO `county` VALUES (130125, 130100, '行唐县');
INSERT INTO `county` VALUES (130126, 130100, '灵寿县');
INSERT INTO `county` VALUES (130127, 130100, '高邑县');
INSERT INTO `county` VALUES (130128, 130100, '深泽县');
INSERT INTO `county` VALUES (130129, 130100, '赞皇县');
INSERT INTO `county` VALUES (130130, 130100, '无极县');
INSERT INTO `county` VALUES (130131, 130100, '平山县');
INSERT INTO `county` VALUES (130132, 130100, '元氏县');
INSERT INTO `county` VALUES (130133, 130100, '赵县');
INSERT INTO `county` VALUES (130181, 130100, '辛集市');
INSERT INTO `county` VALUES (130183, 130100, '晋州市');
INSERT INTO `county` VALUES (130184, 130100, '新乐市');
INSERT INTO `county` VALUES (130202, 130200, '路南区');
INSERT INTO `county` VALUES (130203, 130200, '路北区');
INSERT INTO `county` VALUES (130204, 130200, '古冶区');
INSERT INTO `county` VALUES (130205, 130200, '开平区');
INSERT INTO `county` VALUES (130207, 130200, '丰南区');
INSERT INTO `county` VALUES (130208, 130200, '丰润区');
INSERT INTO `county` VALUES (130209, 130200, '曹妃甸区');
INSERT INTO `county` VALUES (130223, 130200, '滦县');
INSERT INTO `county` VALUES (130224, 130200, '滦南县');
INSERT INTO `county` VALUES (130225, 130200, '乐亭县');
INSERT INTO `county` VALUES (130227, 130200, '迁西县');
INSERT INTO `county` VALUES (130229, 130200, '玉田县');
INSERT INTO `county` VALUES (130281, 130200, '遵化市');
INSERT INTO `county` VALUES (130283, 130200, '迁安市');
INSERT INTO `county` VALUES (130302, 130300, '海港区');
INSERT INTO `county` VALUES (130303, 130300, '山海关区');
INSERT INTO `county` VALUES (130304, 130300, '北戴河区');
INSERT INTO `county` VALUES (130306, 130300, '抚宁区');
INSERT INTO `county` VALUES (130321, 130300, '青龙满族自治县');
INSERT INTO `county` VALUES (130322, 130300, '昌黎县');
INSERT INTO `county` VALUES (130324, 130300, '卢龙县');
INSERT INTO `county` VALUES (130402, 130400, '邯山区');
INSERT INTO `county` VALUES (130403, 130400, '丛台区');
INSERT INTO `county` VALUES (130404, 130400, '复兴区');
INSERT INTO `county` VALUES (130406, 130400, '峰峰矿区');
INSERT INTO `county` VALUES (130421, 130400, '邯郸县');
INSERT INTO `county` VALUES (130423, 130400, '临漳县');
INSERT INTO `county` VALUES (130424, 130400, '成安县');
INSERT INTO `county` VALUES (130425, 130400, '大名县');
INSERT INTO `county` VALUES (130426, 130400, '涉县');
INSERT INTO `county` VALUES (130427, 130400, '磁县');
INSERT INTO `county` VALUES (130428, 130400, '肥乡县');
INSERT INTO `county` VALUES (130429, 130400, '永年县');
INSERT INTO `county` VALUES (130430, 130400, '邱县');
INSERT INTO `county` VALUES (130431, 130400, '鸡泽县');
INSERT INTO `county` VALUES (130432, 130400, '广平县');
INSERT INTO `county` VALUES (130433, 130400, '馆陶县');
INSERT INTO `county` VALUES (130434, 130400, '魏县');
INSERT INTO `county` VALUES (130435, 130400, '曲周县');
INSERT INTO `county` VALUES (130481, 130400, '武安市');
INSERT INTO `county` VALUES (130502, 130500, '桥东区');
INSERT INTO `county` VALUES (130503, 130500, '桥西区');
INSERT INTO `county` VALUES (130521, 130500, '邢台县');
INSERT INTO `county` VALUES (130522, 130500, '临城县');
INSERT INTO `county` VALUES (130523, 130500, '内丘县');
INSERT INTO `county` VALUES (130524, 130500, '柏乡县');
INSERT INTO `county` VALUES (130525, 130500, '隆尧县');
INSERT INTO `county` VALUES (130526, 130500, '任县');
INSERT INTO `county` VALUES (130527, 130500, '南和县');
INSERT INTO `county` VALUES (130528, 130500, '宁晋县');
INSERT INTO `county` VALUES (130529, 130500, '巨鹿县');
INSERT INTO `county` VALUES (130530, 130500, '新河县');
INSERT INTO `county` VALUES (130531, 130500, '广宗县');
INSERT INTO `county` VALUES (130532, 130500, '平乡县');
INSERT INTO `county` VALUES (130533, 130500, '威县');
INSERT INTO `county` VALUES (130534, 130500, '清河县');
INSERT INTO `county` VALUES (130535, 130500, '临西县');
INSERT INTO `county` VALUES (130581, 130500, '南宫市');
INSERT INTO `county` VALUES (130582, 130500, '沙河市');
INSERT INTO `county` VALUES (130602, 130600, '竞秀区');
INSERT INTO `county` VALUES (130606, 130600, '莲池区');
INSERT INTO `county` VALUES (130607, 130600, '满城区');
INSERT INTO `county` VALUES (130608, 130600, '清苑区');
INSERT INTO `county` VALUES (130609, 130600, '徐水区');
INSERT INTO `county` VALUES (130623, 130600, '涞水县');
INSERT INTO `county` VALUES (130624, 130600, '阜平县');
INSERT INTO `county` VALUES (130626, 130600, '定兴县');
INSERT INTO `county` VALUES (130627, 130600, '唐县');
INSERT INTO `county` VALUES (130628, 130600, '高阳县');
INSERT INTO `county` VALUES (130629, 130600, '容城县');
INSERT INTO `county` VALUES (130630, 130600, '涞源县');
INSERT INTO `county` VALUES (130631, 130600, '望都县');
INSERT INTO `county` VALUES (130632, 130600, '安新县');
INSERT INTO `county` VALUES (130633, 130600, '易县');
INSERT INTO `county` VALUES (130634, 130600, '曲阳县');
INSERT INTO `county` VALUES (130635, 130600, '蠡县');
INSERT INTO `county` VALUES (130636, 130600, '顺平县');
INSERT INTO `county` VALUES (130637, 130600, '博野县');
INSERT INTO `county` VALUES (130638, 130600, '雄县');
INSERT INTO `county` VALUES (130681, 130600, '涿州市');
INSERT INTO `county` VALUES (130682, 130600, '定州市');
INSERT INTO `county` VALUES (130683, 130600, '安国市');
INSERT INTO `county` VALUES (130684, 130600, '高碑店市');
INSERT INTO `county` VALUES (130702, 130700, '桥东区');
INSERT INTO `county` VALUES (130703, 130700, '桥西区');
INSERT INTO `county` VALUES (130705, 130700, '宣化区');
INSERT INTO `county` VALUES (130706, 130700, '下花园区');
INSERT INTO `county` VALUES (130721, 130700, '宣化县');
INSERT INTO `county` VALUES (130722, 130700, '张北县');
INSERT INTO `county` VALUES (130723, 130700, '康保县');
INSERT INTO `county` VALUES (130724, 130700, '沽源县');
INSERT INTO `county` VALUES (130725, 130700, '尚义县');
INSERT INTO `county` VALUES (130726, 130700, '蔚县');
INSERT INTO `county` VALUES (130727, 130700, '阳原县');
INSERT INTO `county` VALUES (130728, 130700, '怀安县');
INSERT INTO `county` VALUES (130729, 130700, '万全县');
INSERT INTO `county` VALUES (130730, 130700, '怀来县');
INSERT INTO `county` VALUES (130731, 130700, '涿鹿县');
INSERT INTO `county` VALUES (130732, 130700, '赤城县');
INSERT INTO `county` VALUES (130733, 130700, '崇礼县');
INSERT INTO `county` VALUES (130802, 130800, '双桥区');
INSERT INTO `county` VALUES (130803, 130800, '双滦区');
INSERT INTO `county` VALUES (130804, 130800, '鹰手营子矿区');
INSERT INTO `county` VALUES (130821, 130800, '承德县');
INSERT INTO `county` VALUES (130822, 130800, '兴隆县');
INSERT INTO `county` VALUES (130823, 130800, '平泉县');
INSERT INTO `county` VALUES (130824, 130800, '滦平县');
INSERT INTO `county` VALUES (130825, 130800, '隆化县');
INSERT INTO `county` VALUES (130826, 130800, '丰宁满族自治县');
INSERT INTO `county` VALUES (130827, 130800, '宽城满族自治县');
INSERT INTO `county` VALUES (130828, 130800, '围场满族蒙古族自治县');
INSERT INTO `county` VALUES (130902, 130900, '新华区');
INSERT INTO `county` VALUES (130903, 130900, '运河区');
INSERT INTO `county` VALUES (130921, 130900, '沧县');
INSERT INTO `county` VALUES (130922, 130900, '青县');
INSERT INTO `county` VALUES (130923, 130900, '东光县');
INSERT INTO `county` VALUES (130924, 130900, '海兴县');
INSERT INTO `county` VALUES (130925, 130900, '盐山县');
INSERT INTO `county` VALUES (130926, 130900, '肃宁县');
INSERT INTO `county` VALUES (130927, 130900, '南皮县');
INSERT INTO `county` VALUES (130928, 130900, '吴桥县');
INSERT INTO `county` VALUES (130929, 130900, '献县');
INSERT INTO `county` VALUES (130930, 130900, '孟村回族自治县');
INSERT INTO `county` VALUES (130981, 130900, '泊头市');
INSERT INTO `county` VALUES (130982, 130900, '任丘市');
INSERT INTO `county` VALUES (130983, 130900, '黄骅市');
INSERT INTO `county` VALUES (130984, 130900, '河间市');
INSERT INTO `county` VALUES (131002, 131000, '安次区');
INSERT INTO `county` VALUES (131003, 131000, '广阳区');
INSERT INTO `county` VALUES (131022, 131000, '固安县');
INSERT INTO `county` VALUES (131023, 131000, '永清县');
INSERT INTO `county` VALUES (131024, 131000, '香河县');
INSERT INTO `county` VALUES (131025, 131000, '大城县');
INSERT INTO `county` VALUES (131026, 131000, '文安县');
INSERT INTO `county` VALUES (131028, 131000, '大厂回族自治县');
INSERT INTO `county` VALUES (131081, 131000, '霸州市');
INSERT INTO `county` VALUES (131082, 131000, '三河市');
INSERT INTO `county` VALUES (131102, 131100, '桃城区');
INSERT INTO `county` VALUES (131121, 131100, '枣强县');
INSERT INTO `county` VALUES (131122, 131100, '武邑县');
INSERT INTO `county` VALUES (131123, 131100, '武强县');
INSERT INTO `county` VALUES (131124, 131100, '饶阳县');
INSERT INTO `county` VALUES (131125, 131100, '安平县');
INSERT INTO `county` VALUES (131126, 131100, '故城县');
INSERT INTO `county` VALUES (131127, 131100, '景县');
INSERT INTO `county` VALUES (131128, 131100, '阜城县');
INSERT INTO `county` VALUES (131181, 131100, '冀州市');
INSERT INTO `county` VALUES (131182, 131100, '深州市');
INSERT INTO `county` VALUES (140105, 140100, '小店区');
INSERT INTO `county` VALUES (140106, 140100, '迎泽区');
INSERT INTO `county` VALUES (140107, 140100, '杏花岭区');
INSERT INTO `county` VALUES (140108, 140100, '尖草坪区');
INSERT INTO `county` VALUES (140109, 140100, '万柏林区');
INSERT INTO `county` VALUES (140110, 140100, '晋源区');
INSERT INTO `county` VALUES (140121, 140100, '清徐县');
INSERT INTO `county` VALUES (140122, 140100, '阳曲县');
INSERT INTO `county` VALUES (140123, 140100, '娄烦县');
INSERT INTO `county` VALUES (140181, 140100, '古交市');
INSERT INTO `county` VALUES (140202, 140200, '城区');
INSERT INTO `county` VALUES (140203, 140200, '矿区');
INSERT INTO `county` VALUES (140211, 140200, '南郊区');
INSERT INTO `county` VALUES (140212, 140200, '新荣区');
INSERT INTO `county` VALUES (140221, 140200, '阳高县');
INSERT INTO `county` VALUES (140222, 140200, '天镇县');
INSERT INTO `county` VALUES (140223, 140200, '广灵县');
INSERT INTO `county` VALUES (140224, 140200, '灵丘县');
INSERT INTO `county` VALUES (140225, 140200, '浑源县');
INSERT INTO `county` VALUES (140226, 140200, '左云县');
INSERT INTO `county` VALUES (140227, 140200, '大同县');
INSERT INTO `county` VALUES (140302, 140300, '城区');
INSERT INTO `county` VALUES (140303, 140300, '矿区');
INSERT INTO `county` VALUES (140311, 140300, '郊区');
INSERT INTO `county` VALUES (140321, 140300, '平定县');
INSERT INTO `county` VALUES (140322, 140300, '盂县');
INSERT INTO `county` VALUES (140402, 140400, '城区');
INSERT INTO `county` VALUES (140411, 140400, '郊区');
INSERT INTO `county` VALUES (140421, 140400, '长治县');
INSERT INTO `county` VALUES (140423, 140400, '襄垣县');
INSERT INTO `county` VALUES (140424, 140400, '屯留县');
INSERT INTO `county` VALUES (140425, 140400, '平顺县');
INSERT INTO `county` VALUES (140426, 140400, '黎城县');
INSERT INTO `county` VALUES (140427, 140400, '壶关县');
INSERT INTO `county` VALUES (140428, 140400, '长子县');
INSERT INTO `county` VALUES (140429, 140400, '武乡县');
INSERT INTO `county` VALUES (140430, 140400, '沁县');
INSERT INTO `county` VALUES (140431, 140400, '沁源县');
INSERT INTO `county` VALUES (140481, 140400, '潞城市');
INSERT INTO `county` VALUES (140502, 140500, '城区');
INSERT INTO `county` VALUES (140521, 140500, '沁水县');
INSERT INTO `county` VALUES (140522, 140500, '阳城县');
INSERT INTO `county` VALUES (140524, 140500, '陵川县');
INSERT INTO `county` VALUES (140525, 140500, '泽州县');
INSERT INTO `county` VALUES (140581, 140500, '高平市');
INSERT INTO `county` VALUES (140602, 140600, '朔城区');
INSERT INTO `county` VALUES (140603, 140600, '平鲁区');
INSERT INTO `county` VALUES (140621, 140600, '山阴县');
INSERT INTO `county` VALUES (140622, 140600, '应县');
INSERT INTO `county` VALUES (140623, 140600, '右玉县');
INSERT INTO `county` VALUES (140624, 140600, '怀仁县');
INSERT INTO `county` VALUES (140702, 140700, '榆次区');
INSERT INTO `county` VALUES (140721, 140700, '榆社县');
INSERT INTO `county` VALUES (140722, 140700, '左权县');
INSERT INTO `county` VALUES (140723, 140700, '和顺县');
INSERT INTO `county` VALUES (140724, 140700, '昔阳县');
INSERT INTO `county` VALUES (140725, 140700, '寿阳县');
INSERT INTO `county` VALUES (140726, 140700, '太谷县');
INSERT INTO `county` VALUES (140727, 140700, '祁县');
INSERT INTO `county` VALUES (140728, 140700, '平遥县');
INSERT INTO `county` VALUES (140729, 140700, '灵石县');
INSERT INTO `county` VALUES (140781, 140700, '介休市');
INSERT INTO `county` VALUES (140802, 140800, '盐湖区');
INSERT INTO `county` VALUES (140821, 140800, '临猗县');
INSERT INTO `county` VALUES (140822, 140800, '万荣县');
INSERT INTO `county` VALUES (140823, 140800, '闻喜县');
INSERT INTO `county` VALUES (140824, 140800, '稷山县');
INSERT INTO `county` VALUES (140825, 140800, '新绛县');
INSERT INTO `county` VALUES (140826, 140800, '绛县');
INSERT INTO `county` VALUES (140827, 140800, '垣曲县');
INSERT INTO `county` VALUES (140828, 140800, '夏县');
INSERT INTO `county` VALUES (140829, 140800, '平陆县');
INSERT INTO `county` VALUES (140830, 140800, '芮城县');
INSERT INTO `county` VALUES (140881, 140800, '永济市');
INSERT INTO `county` VALUES (140882, 140800, '河津市');
INSERT INTO `county` VALUES (140902, 140900, '忻府区');
INSERT INTO `county` VALUES (140921, 140900, '定襄县');
INSERT INTO `county` VALUES (140922, 140900, '五台县');
INSERT INTO `county` VALUES (140923, 140900, '代县');
INSERT INTO `county` VALUES (140924, 140900, '繁峙县');
INSERT INTO `county` VALUES (140925, 140900, '宁武县');
INSERT INTO `county` VALUES (140926, 140900, '静乐县');
INSERT INTO `county` VALUES (140927, 140900, '神池县');
INSERT INTO `county` VALUES (140928, 140900, '五寨县');
INSERT INTO `county` VALUES (140929, 140900, '岢岚县');
INSERT INTO `county` VALUES (140930, 140900, '河曲县');
INSERT INTO `county` VALUES (140931, 140900, '保德县');
INSERT INTO `county` VALUES (140932, 140900, '偏关县');
INSERT INTO `county` VALUES (140981, 140900, '原平市');
INSERT INTO `county` VALUES (141002, 141000, '尧都区');
INSERT INTO `county` VALUES (141021, 141000, '曲沃县');
INSERT INTO `county` VALUES (141022, 141000, '翼城县');
INSERT INTO `county` VALUES (141023, 141000, '襄汾县');
INSERT INTO `county` VALUES (141024, 141000, '洪洞县');
INSERT INTO `county` VALUES (141025, 141000, '古县');
INSERT INTO `county` VALUES (141026, 141000, '安泽县');
INSERT INTO `county` VALUES (141027, 141000, '浮山县');
INSERT INTO `county` VALUES (141028, 141000, '吉县');
INSERT INTO `county` VALUES (141029, 141000, '乡宁县');
INSERT INTO `county` VALUES (141030, 141000, '大宁县');
INSERT INTO `county` VALUES (141031, 141000, '隰县');
INSERT INTO `county` VALUES (141032, 141000, '永和县');
INSERT INTO `county` VALUES (141033, 141000, '蒲县');
INSERT INTO `county` VALUES (141034, 141000, '汾西县');
INSERT INTO `county` VALUES (141081, 141000, '侯马市');
INSERT INTO `county` VALUES (141082, 141000, '霍州市');
INSERT INTO `county` VALUES (141102, 141100, '离石区');
INSERT INTO `county` VALUES (141121, 141100, '文水县');
INSERT INTO `county` VALUES (141122, 141100, '交城县');
INSERT INTO `county` VALUES (141123, 141100, '兴县');
INSERT INTO `county` VALUES (141124, 141100, '临县');
INSERT INTO `county` VALUES (141125, 141100, '柳林县');
INSERT INTO `county` VALUES (141126, 141100, '石楼县');
INSERT INTO `county` VALUES (141127, 141100, '岚县');
INSERT INTO `county` VALUES (141128, 141100, '方山县');
INSERT INTO `county` VALUES (141129, 141100, '中阳县');
INSERT INTO `county` VALUES (141130, 141100, '交口县');
INSERT INTO `county` VALUES (141181, 141100, '孝义市');
INSERT INTO `county` VALUES (141182, 141100, '汾阳市');
INSERT INTO `county` VALUES (150102, 150100, '新城区');
INSERT INTO `county` VALUES (150103, 150100, '回民区');
INSERT INTO `county` VALUES (150104, 150100, '玉泉区');
INSERT INTO `county` VALUES (150105, 150100, '赛罕区');
INSERT INTO `county` VALUES (150121, 150100, '土默特左旗');
INSERT INTO `county` VALUES (150122, 150100, '托克托县');
INSERT INTO `county` VALUES (150123, 150100, '和林格尔县');
INSERT INTO `county` VALUES (150124, 150100, '清水河县');
INSERT INTO `county` VALUES (150125, 150100, '武川县');
INSERT INTO `county` VALUES (150202, 150200, '东河区');
INSERT INTO `county` VALUES (150203, 150200, '昆都仑区');
INSERT INTO `county` VALUES (150204, 150200, '青山区');
INSERT INTO `county` VALUES (150205, 150200, '石拐区');
INSERT INTO `county` VALUES (150206, 150200, '白云鄂博矿区');
INSERT INTO `county` VALUES (150207, 150200, '九原区');
INSERT INTO `county` VALUES (150221, 150200, '土默特右旗');
INSERT INTO `county` VALUES (150222, 150200, '固阳县');
INSERT INTO `county` VALUES (150223, 150200, '达尔罕茂明安联合旗');
INSERT INTO `county` VALUES (150302, 150300, '海勃湾区');
INSERT INTO `county` VALUES (150303, 150300, '海南区');
INSERT INTO `county` VALUES (150304, 150300, '乌达区');
INSERT INTO `county` VALUES (150402, 150400, '红山区');
INSERT INTO `county` VALUES (150403, 150400, '元宝山区');
INSERT INTO `county` VALUES (150404, 150400, '松山区');
INSERT INTO `county` VALUES (150421, 150400, '阿鲁科尔沁旗');
INSERT INTO `county` VALUES (150422, 150400, '巴林左旗');
INSERT INTO `county` VALUES (150423, 150400, '巴林右旗');
INSERT INTO `county` VALUES (150424, 150400, '林西县');
INSERT INTO `county` VALUES (150425, 150400, '克什克腾旗');
INSERT INTO `county` VALUES (150426, 150400, '翁牛特旗');
INSERT INTO `county` VALUES (150428, 150400, '喀喇沁旗');
INSERT INTO `county` VALUES (150429, 150400, '宁城县');
INSERT INTO `county` VALUES (150430, 150400, '敖汉旗');
INSERT INTO `county` VALUES (150502, 150500, '科尔沁区');
INSERT INTO `county` VALUES (150521, 150500, '科尔沁左翼中旗');
INSERT INTO `county` VALUES (150522, 150500, '科尔沁左翼后旗');
INSERT INTO `county` VALUES (150523, 150500, '开鲁县');
INSERT INTO `county` VALUES (150524, 150500, '库伦旗');
INSERT INTO `county` VALUES (150525, 150500, '奈曼旗');
INSERT INTO `county` VALUES (150526, 150500, '扎鲁特旗');
INSERT INTO `county` VALUES (150581, 150500, '霍林郭勒市');
INSERT INTO `county` VALUES (150602, 150600, '东胜区');
INSERT INTO `county` VALUES (150621, 150600, '达拉特旗');
INSERT INTO `county` VALUES (150622, 150600, '准格尔旗');
INSERT INTO `county` VALUES (150623, 150600, '鄂托克前旗');
INSERT INTO `county` VALUES (150624, 150600, '鄂托克旗');
INSERT INTO `county` VALUES (150625, 150600, '杭锦旗');
INSERT INTO `county` VALUES (150626, 150600, '乌审旗');
INSERT INTO `county` VALUES (150627, 150600, '伊金霍洛旗');
INSERT INTO `county` VALUES (150702, 150700, '海拉尔区');
INSERT INTO `county` VALUES (150703, 150700, '扎赉诺尔区');
INSERT INTO `county` VALUES (150721, 150700, '阿荣旗');
INSERT INTO `county` VALUES (150722, 150700, '莫力达瓦达斡尔族自治旗');
INSERT INTO `county` VALUES (150723, 150700, '鄂伦春自治旗');
INSERT INTO `county` VALUES (150724, 150700, '鄂温克族自治旗');
INSERT INTO `county` VALUES (150725, 150700, '陈巴尔虎旗');
INSERT INTO `county` VALUES (150726, 150700, '新巴尔虎左旗');
INSERT INTO `county` VALUES (150727, 150700, '新巴尔虎右旗');
INSERT INTO `county` VALUES (150781, 150700, '满洲里市');
INSERT INTO `county` VALUES (150782, 150700, '牙克石市');
INSERT INTO `county` VALUES (150783, 150700, '扎兰屯市');
INSERT INTO `county` VALUES (150784, 150700, '额尔古纳市');
INSERT INTO `county` VALUES (150785, 150700, '根河市');
INSERT INTO `county` VALUES (150802, 150800, '临河区');
INSERT INTO `county` VALUES (150821, 150800, '五原县');
INSERT INTO `county` VALUES (150822, 150800, '磴口县');
INSERT INTO `county` VALUES (150823, 150800, '乌拉特前旗');
INSERT INTO `county` VALUES (150824, 150800, '乌拉特中旗');
INSERT INTO `county` VALUES (150825, 150800, '乌拉特后旗');
INSERT INTO `county` VALUES (150826, 150800, '杭锦后旗');
INSERT INTO `county` VALUES (150902, 150900, '集宁区');
INSERT INTO `county` VALUES (150921, 150900, '卓资县');
INSERT INTO `county` VALUES (150922, 150900, '化德县');
INSERT INTO `county` VALUES (150923, 150900, '商都县');
INSERT INTO `county` VALUES (150924, 150900, '兴和县');
INSERT INTO `county` VALUES (150925, 150900, '凉城县');
INSERT INTO `county` VALUES (150926, 150900, '察哈尔右翼前旗');
INSERT INTO `county` VALUES (150927, 150900, '察哈尔右翼中旗');
INSERT INTO `county` VALUES (150928, 150900, '察哈尔右翼后旗');
INSERT INTO `county` VALUES (150929, 150900, '四子王旗');
INSERT INTO `county` VALUES (150981, 150900, '丰镇市');
INSERT INTO `county` VALUES (152201, 152200, '乌兰浩特市');
INSERT INTO `county` VALUES (152202, 152200, '阿尔山市');
INSERT INTO `county` VALUES (152221, 152200, '科尔沁右翼前旗');
INSERT INTO `county` VALUES (152222, 152200, '科尔沁右翼中旗');
INSERT INTO `county` VALUES (152223, 152200, '扎赉特旗');
INSERT INTO `county` VALUES (152224, 152200, '突泉县');
INSERT INTO `county` VALUES (152501, 152500, '二连浩特市');
INSERT INTO `county` VALUES (152502, 152500, '锡林浩特市');
INSERT INTO `county` VALUES (152522, 152500, '阿巴嘎旗');
INSERT INTO `county` VALUES (152523, 152500, '苏尼特左旗');
INSERT INTO `county` VALUES (152524, 152500, '苏尼特右旗');
INSERT INTO `county` VALUES (152525, 152500, '东乌珠穆沁旗');
INSERT INTO `county` VALUES (152526, 152500, '西乌珠穆沁旗');
INSERT INTO `county` VALUES (152527, 152500, '太仆寺旗');
INSERT INTO `county` VALUES (152528, 152500, '镶黄旗');
INSERT INTO `county` VALUES (152529, 152500, '正镶白旗');
INSERT INTO `county` VALUES (152530, 152500, '正蓝旗');
INSERT INTO `county` VALUES (152531, 152500, '多伦县');
INSERT INTO `county` VALUES (152921, 152900, '阿拉善左旗');
INSERT INTO `county` VALUES (152922, 152900, '阿拉善右旗');
INSERT INTO `county` VALUES (152923, 152900, '额济纳旗');
INSERT INTO `county` VALUES (210102, 210100, '和平区');
INSERT INTO `county` VALUES (210103, 210100, '沈河区');
INSERT INTO `county` VALUES (210104, 210100, '大东区');
INSERT INTO `county` VALUES (210105, 210100, '皇姑区');
INSERT INTO `county` VALUES (210106, 210100, '铁西区');
INSERT INTO `county` VALUES (210111, 210100, '苏家屯区');
INSERT INTO `county` VALUES (210112, 210100, '浑南区');
INSERT INTO `county` VALUES (210113, 210100, '沈北新区');
INSERT INTO `county` VALUES (210114, 210100, '于洪区');
INSERT INTO `county` VALUES (210122, 210100, '辽中县');
INSERT INTO `county` VALUES (210123, 210100, '康平县');
INSERT INTO `county` VALUES (210124, 210100, '法库县');
INSERT INTO `county` VALUES (210181, 210100, '新民市');
INSERT INTO `county` VALUES (210202, 210200, '中山区');
INSERT INTO `county` VALUES (210203, 210200, '西岗区');
INSERT INTO `county` VALUES (210204, 210200, '沙河口区');
INSERT INTO `county` VALUES (210211, 210200, '甘井子区');
INSERT INTO `county` VALUES (210212, 210200, '旅顺口区');
INSERT INTO `county` VALUES (210213, 210200, '金州区');
INSERT INTO `county` VALUES (210214, 210200, '普兰店区');
INSERT INTO `county` VALUES (210224, 210200, '长海县');
INSERT INTO `county` VALUES (210281, 210200, '瓦房店市');
INSERT INTO `county` VALUES (210283, 210200, '庄河市');
INSERT INTO `county` VALUES (210302, 210300, '铁东区');
INSERT INTO `county` VALUES (210303, 210300, '铁西区');
INSERT INTO `county` VALUES (210304, 210300, '立山区');
INSERT INTO `county` VALUES (210311, 210300, '千山区');
INSERT INTO `county` VALUES (210321, 210300, '台安县');
INSERT INTO `county` VALUES (210323, 210300, '岫岩满族自治县');
INSERT INTO `county` VALUES (210381, 210300, '海城市');
INSERT INTO `county` VALUES (210402, 210400, '新抚区');
INSERT INTO `county` VALUES (210403, 210400, '东洲区');
INSERT INTO `county` VALUES (210404, 210400, '望花区');
INSERT INTO `county` VALUES (210411, 210400, '顺城区');
INSERT INTO `county` VALUES (210421, 210400, '抚顺县');
INSERT INTO `county` VALUES (210422, 210400, '新宾满族自治县');
INSERT INTO `county` VALUES (210423, 210400, '清原满族自治县');
INSERT INTO `county` VALUES (210502, 210500, '平山区');
INSERT INTO `county` VALUES (210503, 210500, '溪湖区');
INSERT INTO `county` VALUES (210504, 210500, '明山区');
INSERT INTO `county` VALUES (210505, 210500, '南芬区');
INSERT INTO `county` VALUES (210521, 210500, '本溪满族自治县');
INSERT INTO `county` VALUES (210522, 210500, '桓仁满族自治县');
INSERT INTO `county` VALUES (210602, 210600, '元宝区');
INSERT INTO `county` VALUES (210603, 210600, '振兴区');
INSERT INTO `county` VALUES (210604, 210600, '振安区');
INSERT INTO `county` VALUES (210624, 210600, '宽甸满族自治县');
INSERT INTO `county` VALUES (210681, 210600, '东港市');
INSERT INTO `county` VALUES (210682, 210600, '凤城市');
INSERT INTO `county` VALUES (210702, 210700, '古塔区');
INSERT INTO `county` VALUES (210703, 210700, '凌河区');
INSERT INTO `county` VALUES (210711, 210700, '太和区');
INSERT INTO `county` VALUES (210726, 210700, '黑山县');
INSERT INTO `county` VALUES (210727, 210700, '义县');
INSERT INTO `county` VALUES (210781, 210700, '凌海市');
INSERT INTO `county` VALUES (210782, 210700, '北镇市');
INSERT INTO `county` VALUES (210802, 210800, '站前区');
INSERT INTO `county` VALUES (210803, 210800, '西市区');
INSERT INTO `county` VALUES (210804, 210800, '鲅鱼圈区');
INSERT INTO `county` VALUES (210811, 210800, '老边区');
INSERT INTO `county` VALUES (210881, 210800, '盖州市');
INSERT INTO `county` VALUES (210882, 210800, '大石桥市');
INSERT INTO `county` VALUES (210902, 210900, '海州区');
INSERT INTO `county` VALUES (210903, 210900, '新邱区');
INSERT INTO `county` VALUES (210904, 210900, '太平区');
INSERT INTO `county` VALUES (210905, 210900, '清河门区');
INSERT INTO `county` VALUES (210911, 210900, '细河区');
INSERT INTO `county` VALUES (210921, 210900, '阜新蒙古族自治县');
INSERT INTO `county` VALUES (210922, 210900, '彰武县');
INSERT INTO `county` VALUES (211002, 211000, '白塔区');
INSERT INTO `county` VALUES (211003, 211000, '文圣区');
INSERT INTO `county` VALUES (211004, 211000, '宏伟区');
INSERT INTO `county` VALUES (211005, 211000, '弓长岭区');
INSERT INTO `county` VALUES (211011, 211000, '太子河区');
INSERT INTO `county` VALUES (211021, 211000, '辽阳县');
INSERT INTO `county` VALUES (211081, 211000, '灯塔市');
INSERT INTO `county` VALUES (211102, 211100, '双台子区');
INSERT INTO `county` VALUES (211103, 211100, '兴隆台区');
INSERT INTO `county` VALUES (211121, 211100, '大洼县');
INSERT INTO `county` VALUES (211122, 211100, '盘山县');
INSERT INTO `county` VALUES (211202, 211200, '银州区');
INSERT INTO `county` VALUES (211204, 211200, '清河区');
INSERT INTO `county` VALUES (211221, 211200, '铁岭县');
INSERT INTO `county` VALUES (211223, 211200, '西丰县');
INSERT INTO `county` VALUES (211224, 211200, '昌图县');
INSERT INTO `county` VALUES (211281, 211200, '调兵山市');
INSERT INTO `county` VALUES (211282, 211200, '开原市');
INSERT INTO `county` VALUES (211302, 211300, '双塔区');
INSERT INTO `county` VALUES (211303, 211300, '龙城区');
INSERT INTO `county` VALUES (211321, 211300, '朝阳县');
INSERT INTO `county` VALUES (211322, 211300, '建平县');
INSERT INTO `county` VALUES (211324, 211300, '喀喇沁左翼蒙古族自治县');
INSERT INTO `county` VALUES (211381, 211300, '北票市');
INSERT INTO `county` VALUES (211382, 211300, '凌源市');
INSERT INTO `county` VALUES (211402, 211400, '连山区');
INSERT INTO `county` VALUES (211403, 211400, '龙港区');
INSERT INTO `county` VALUES (211404, 211400, '南票区');
INSERT INTO `county` VALUES (211421, 211400, '绥中县');
INSERT INTO `county` VALUES (211422, 211400, '建昌县');
INSERT INTO `county` VALUES (211481, 211400, '兴城市');
INSERT INTO `county` VALUES (220102, 220100, '南关区');
INSERT INTO `county` VALUES (220103, 220100, '宽城区');
INSERT INTO `county` VALUES (220104, 220100, '朝阳区');
INSERT INTO `county` VALUES (220105, 220100, '二道区');
INSERT INTO `county` VALUES (220106, 220100, '绿园区');
INSERT INTO `county` VALUES (220112, 220100, '双阳区');
INSERT INTO `county` VALUES (220113, 220100, '九台区');
INSERT INTO `county` VALUES (220122, 220100, '农安县');
INSERT INTO `county` VALUES (220182, 220100, '榆树市');
INSERT INTO `county` VALUES (220183, 220100, '德惠市');
INSERT INTO `county` VALUES (220202, 220200, '昌邑区');
INSERT INTO `county` VALUES (220203, 220200, '龙潭区');
INSERT INTO `county` VALUES (220204, 220200, '船营区');
INSERT INTO `county` VALUES (220211, 220200, '丰满区');
INSERT INTO `county` VALUES (220221, 220200, '永吉县');
INSERT INTO `county` VALUES (220281, 220200, '蛟河市');
INSERT INTO `county` VALUES (220282, 220200, '桦甸市');
INSERT INTO `county` VALUES (220283, 220200, '舒兰市');
INSERT INTO `county` VALUES (220284, 220200, '磐石市');
INSERT INTO `county` VALUES (220302, 220300, '铁西区');
INSERT INTO `county` VALUES (220303, 220300, '铁东区');
INSERT INTO `county` VALUES (220322, 220300, '梨树县');
INSERT INTO `county` VALUES (220323, 220300, '伊通满族自治县');
INSERT INTO `county` VALUES (220381, 220300, '公主岭市');
INSERT INTO `county` VALUES (220382, 220300, '双辽市');
INSERT INTO `county` VALUES (220402, 220400, '龙山区');
INSERT INTO `county` VALUES (220403, 220400, '西安区');
INSERT INTO `county` VALUES (220421, 220400, '东丰县');
INSERT INTO `county` VALUES (220422, 220400, '东辽县');
INSERT INTO `county` VALUES (220502, 220500, '东昌区');
INSERT INTO `county` VALUES (220503, 220500, '二道江区');
INSERT INTO `county` VALUES (220521, 220500, '通化县');
INSERT INTO `county` VALUES (220523, 220500, '辉南县');
INSERT INTO `county` VALUES (220524, 220500, '柳河县');
INSERT INTO `county` VALUES (220581, 220500, '梅河口市');
INSERT INTO `county` VALUES (220582, 220500, '集安市');
INSERT INTO `county` VALUES (220602, 220600, '浑江区');
INSERT INTO `county` VALUES (220605, 220600, '江源区');
INSERT INTO `county` VALUES (220621, 220600, '抚松县');
INSERT INTO `county` VALUES (220622, 220600, '靖宇县');
INSERT INTO `county` VALUES (220623, 220600, '长白朝鲜族自治县');
INSERT INTO `county` VALUES (220681, 220600, '临江市');
INSERT INTO `county` VALUES (220702, 220700, '宁江区');
INSERT INTO `county` VALUES (220721, 220700, '前郭尔罗斯蒙古族自治县');
INSERT INTO `county` VALUES (220722, 220700, '长岭县');
INSERT INTO `county` VALUES (220723, 220700, '乾安县');
INSERT INTO `county` VALUES (220781, 220700, '扶余市');
INSERT INTO `county` VALUES (220802, 220800, '洮北区');
INSERT INTO `county` VALUES (220821, 220800, '镇赉县');
INSERT INTO `county` VALUES (220822, 220800, '通榆县');
INSERT INTO `county` VALUES (220881, 220800, '洮南市');
INSERT INTO `county` VALUES (220882, 220800, '大安市');
INSERT INTO `county` VALUES (222401, 222400, '延吉市');
INSERT INTO `county` VALUES (222402, 222400, '图们市');
INSERT INTO `county` VALUES (222403, 222400, '敦化市');
INSERT INTO `county` VALUES (222404, 222400, '珲春市');
INSERT INTO `county` VALUES (222405, 222400, '龙井市');
INSERT INTO `county` VALUES (222406, 222400, '和龙市');
INSERT INTO `county` VALUES (222424, 222400, '汪清县');
INSERT INTO `county` VALUES (222426, 222400, '安图县');
INSERT INTO `county` VALUES (230102, 230100, '道里区');
INSERT INTO `county` VALUES (230103, 230100, '南岗区');
INSERT INTO `county` VALUES (230104, 230100, '道外区');
INSERT INTO `county` VALUES (230108, 230100, '平房区');
INSERT INTO `county` VALUES (230109, 230100, '松北区');
INSERT INTO `county` VALUES (230110, 230100, '香坊区');
INSERT INTO `county` VALUES (230111, 230100, '呼兰区');
INSERT INTO `county` VALUES (230112, 230100, '阿城区');
INSERT INTO `county` VALUES (230113, 230100, '双城区');
INSERT INTO `county` VALUES (230123, 230100, '依兰县');
INSERT INTO `county` VALUES (230124, 230100, '方正县');
INSERT INTO `county` VALUES (230125, 230100, '宾县');
INSERT INTO `county` VALUES (230126, 230100, '巴彦县');
INSERT INTO `county` VALUES (230127, 230100, '木兰县');
INSERT INTO `county` VALUES (230128, 230100, '通河县');
INSERT INTO `county` VALUES (230129, 230100, '延寿县');
INSERT INTO `county` VALUES (230183, 230100, '尚志市');
INSERT INTO `county` VALUES (230184, 230100, '五常市');
INSERT INTO `county` VALUES (230202, 230200, '龙沙区');
INSERT INTO `county` VALUES (230203, 230200, '建华区');
INSERT INTO `county` VALUES (230204, 230200, '铁锋区');
INSERT INTO `county` VALUES (230205, 230200, '昂昂溪区');
INSERT INTO `county` VALUES (230206, 230200, '富拉尔基区');
INSERT INTO `county` VALUES (230207, 230200, '碾子山区');
INSERT INTO `county` VALUES (230208, 230200, '梅里斯达斡尔族区');
INSERT INTO `county` VALUES (230221, 230200, '龙江县');
INSERT INTO `county` VALUES (230223, 230200, '依安县');
INSERT INTO `county` VALUES (230224, 230200, '泰来县');
INSERT INTO `county` VALUES (230225, 230200, '甘南县');
INSERT INTO `county` VALUES (230227, 230200, '富裕县');
INSERT INTO `county` VALUES (230229, 230200, '克山县');
INSERT INTO `county` VALUES (230230, 230200, '克东县');
INSERT INTO `county` VALUES (230231, 230200, '拜泉县');
INSERT INTO `county` VALUES (230281, 230200, '讷河市');
INSERT INTO `county` VALUES (230302, 230300, '鸡冠区');
INSERT INTO `county` VALUES (230303, 230300, '恒山区');
INSERT INTO `county` VALUES (230304, 230300, '滴道区');
INSERT INTO `county` VALUES (230305, 230300, '梨树区');
INSERT INTO `county` VALUES (230306, 230300, '城子河区');
INSERT INTO `county` VALUES (230307, 230300, '麻山区');
INSERT INTO `county` VALUES (230321, 230300, '鸡东县');
INSERT INTO `county` VALUES (230381, 230300, '虎林市');
INSERT INTO `county` VALUES (230382, 230300, '密山市');
INSERT INTO `county` VALUES (230402, 230400, '向阳区');
INSERT INTO `county` VALUES (230403, 230400, '工农区');
INSERT INTO `county` VALUES (230404, 230400, '南山区');
INSERT INTO `county` VALUES (230405, 230400, '兴安区');
INSERT INTO `county` VALUES (230406, 230400, '东山区');
INSERT INTO `county` VALUES (230407, 230400, '兴山区');
INSERT INTO `county` VALUES (230421, 230400, '萝北县');
INSERT INTO `county` VALUES (230422, 230400, '绥滨县');
INSERT INTO `county` VALUES (230502, 230500, '尖山区');
INSERT INTO `county` VALUES (230503, 230500, '岭东区');
INSERT INTO `county` VALUES (230505, 230500, '四方台区');
INSERT INTO `county` VALUES (230506, 230500, '宝山区');
INSERT INTO `county` VALUES (230521, 230500, '集贤县');
INSERT INTO `county` VALUES (230522, 230500, '友谊县');
INSERT INTO `county` VALUES (230523, 230500, '宝清县');
INSERT INTO `county` VALUES (230524, 230500, '饶河县');
INSERT INTO `county` VALUES (230602, 230600, '萨尔图区');
INSERT INTO `county` VALUES (230603, 230600, '龙凤区');
INSERT INTO `county` VALUES (230604, 230600, '让胡路区');
INSERT INTO `county` VALUES (230605, 230600, '红岗区');
INSERT INTO `county` VALUES (230606, 230600, '大同区');
INSERT INTO `county` VALUES (230621, 230600, '肇州县');
INSERT INTO `county` VALUES (230622, 230600, '肇源县');
INSERT INTO `county` VALUES (230623, 230600, '林甸县');
INSERT INTO `county` VALUES (230624, 230600, '杜尔伯特蒙古族自治县');
INSERT INTO `county` VALUES (230702, 230700, '伊春区');
INSERT INTO `county` VALUES (230703, 230700, '南岔区');
INSERT INTO `county` VALUES (230704, 230700, '友好区');
INSERT INTO `county` VALUES (230705, 230700, '西林区');
INSERT INTO `county` VALUES (230706, 230700, '翠峦区');
INSERT INTO `county` VALUES (230707, 230700, '新青区');
INSERT INTO `county` VALUES (230708, 230700, '美溪区');
INSERT INTO `county` VALUES (230709, 230700, '金山屯区');
INSERT INTO `county` VALUES (230710, 230700, '五营区');
INSERT INTO `county` VALUES (230711, 230700, '乌马河区');
INSERT INTO `county` VALUES (230712, 230700, '汤旺河区');
INSERT INTO `county` VALUES (230713, 230700, '带岭区');
INSERT INTO `county` VALUES (230714, 230700, '乌伊岭区');
INSERT INTO `county` VALUES (230715, 230700, '红星区');
INSERT INTO `county` VALUES (230716, 230700, '上甘岭区');
INSERT INTO `county` VALUES (230722, 230700, '嘉荫县');
INSERT INTO `county` VALUES (230781, 230700, '铁力市');
INSERT INTO `county` VALUES (230803, 230800, '向阳区');
INSERT INTO `county` VALUES (230804, 230800, '前进区');
INSERT INTO `county` VALUES (230805, 230800, '东风区');
INSERT INTO `county` VALUES (230811, 230800, '郊区');
INSERT INTO `county` VALUES (230822, 230800, '桦南县');
INSERT INTO `county` VALUES (230826, 230800, '桦川县');
INSERT INTO `county` VALUES (230828, 230800, '汤原县');
INSERT INTO `county` VALUES (230833, 230800, '抚远市');
INSERT INTO `county` VALUES (230881, 230800, '同江市');
INSERT INTO `county` VALUES (230882, 230800, '富锦市');
INSERT INTO `county` VALUES (230902, 230900, '新兴区');
INSERT INTO `county` VALUES (230903, 230900, '桃山区');
INSERT INTO `county` VALUES (230904, 230900, '茄子河区');
INSERT INTO `county` VALUES (230921, 230900, '勃利县');
INSERT INTO `county` VALUES (231002, 231000, '东安区');
INSERT INTO `county` VALUES (231003, 231000, '阳明区');
INSERT INTO `county` VALUES (231004, 231000, '爱民区');
INSERT INTO `county` VALUES (231005, 231000, '西安区');
INSERT INTO `county` VALUES (231025, 231000, '林口县');
INSERT INTO `county` VALUES (231081, 231000, '绥芬河市');
INSERT INTO `county` VALUES (231083, 231000, '海林市');
INSERT INTO `county` VALUES (231084, 231000, '宁安市');
INSERT INTO `county` VALUES (231085, 231000, '穆棱市');
INSERT INTO `county` VALUES (231086, 231000, '东宁市');
INSERT INTO `county` VALUES (231102, 231100, '爱辉区');
INSERT INTO `county` VALUES (231121, 231100, '嫩江县');
INSERT INTO `county` VALUES (231123, 231100, '逊克县');
INSERT INTO `county` VALUES (231124, 231100, '孙吴县');
INSERT INTO `county` VALUES (231181, 231100, '北安市');
INSERT INTO `county` VALUES (231182, 231100, '五大连池市');
INSERT INTO `county` VALUES (231202, 231200, '北林区');
INSERT INTO `county` VALUES (231221, 231200, '望奎县');
INSERT INTO `county` VALUES (231222, 231200, '兰西县');
INSERT INTO `county` VALUES (231223, 231200, '青冈县');
INSERT INTO `county` VALUES (231224, 231200, '庆安县');
INSERT INTO `county` VALUES (231225, 231200, '明水县');
INSERT INTO `county` VALUES (231226, 231200, '绥棱县');
INSERT INTO `county` VALUES (231281, 231200, '安达市');
INSERT INTO `county` VALUES (231282, 231200, '肇东市');
INSERT INTO `county` VALUES (231283, 231200, '海伦市');
INSERT INTO `county` VALUES (232701, 232700, '加格达奇区');
INSERT INTO `county` VALUES (232721, 232700, '呼玛县');
INSERT INTO `county` VALUES (232722, 232700, '塔河县');
INSERT INTO `county` VALUES (232723, 232700, '漠河县');
INSERT INTO `county` VALUES (310101, 310100, '黄浦区');
INSERT INTO `county` VALUES (310104, 310100, '徐汇区');
INSERT INTO `county` VALUES (310105, 310100, '长宁区');
INSERT INTO `county` VALUES (310106, 310100, '静安区');
INSERT INTO `county` VALUES (310107, 310100, '普陀区');
INSERT INTO `county` VALUES (310109, 310100, '虹口区');
INSERT INTO `county` VALUES (310110, 310100, '杨浦区');
INSERT INTO `county` VALUES (310112, 310100, '闵行区');
INSERT INTO `county` VALUES (310113, 310100, '宝山区');
INSERT INTO `county` VALUES (310114, 310100, '嘉定区');
INSERT INTO `county` VALUES (310115, 310100, '浦东新区');
INSERT INTO `county` VALUES (310116, 310100, '金山区');
INSERT INTO `county` VALUES (310117, 310100, '松江区');
INSERT INTO `county` VALUES (310118, 310100, '青浦区');
INSERT INTO `county` VALUES (310120, 310100, '奉贤区');
INSERT INTO `county` VALUES (310230, 310100, '崇明县');
INSERT INTO `county` VALUES (320102, 320100, '玄武区');
INSERT INTO `county` VALUES (320104, 320100, '秦淮区');
INSERT INTO `county` VALUES (320105, 320100, '建邺区');
INSERT INTO `county` VALUES (320106, 320100, '鼓楼区');
INSERT INTO `county` VALUES (320111, 320100, '浦口区');
INSERT INTO `county` VALUES (320113, 320100, '栖霞区');
INSERT INTO `county` VALUES (320114, 320100, '雨花台区');
INSERT INTO `county` VALUES (320115, 320100, '江宁区');
INSERT INTO `county` VALUES (320116, 320100, '六合区');
INSERT INTO `county` VALUES (320117, 320100, '溧水区');
INSERT INTO `county` VALUES (320118, 320100, '高淳区');
INSERT INTO `county` VALUES (320205, 320200, '锡山区');
INSERT INTO `county` VALUES (320206, 320200, '惠山区');
INSERT INTO `county` VALUES (320211, 320200, '滨湖区');
INSERT INTO `county` VALUES (320213, 320200, '梁溪区');
INSERT INTO `county` VALUES (320214, 320200, '新吴区');
INSERT INTO `county` VALUES (320281, 320200, '江阴市');
INSERT INTO `county` VALUES (320282, 320200, '宜兴市');
INSERT INTO `county` VALUES (320302, 320300, '鼓楼区');
INSERT INTO `county` VALUES (320303, 320300, '云龙区');
INSERT INTO `county` VALUES (320305, 320300, '贾汪区');
INSERT INTO `county` VALUES (320311, 320300, '泉山区');
INSERT INTO `county` VALUES (320312, 320300, '铜山区');
INSERT INTO `county` VALUES (320321, 320300, '丰县');
INSERT INTO `county` VALUES (320322, 320300, '沛县');
INSERT INTO `county` VALUES (320324, 320300, '睢宁县');
INSERT INTO `county` VALUES (320381, 320300, '新沂市');
INSERT INTO `county` VALUES (320382, 320300, '邳州市');
INSERT INTO `county` VALUES (320402, 320400, '天宁区');
INSERT INTO `county` VALUES (320404, 320400, '钟楼区');
INSERT INTO `county` VALUES (320411, 320400, '新北区');
INSERT INTO `county` VALUES (320412, 320400, '武进区');
INSERT INTO `county` VALUES (320413, 320400, '金坛区');
INSERT INTO `county` VALUES (320481, 320400, '溧阳市');
INSERT INTO `county` VALUES (320505, 320500, '虎丘区');
INSERT INTO `county` VALUES (320506, 320500, '吴中区');
INSERT INTO `county` VALUES (320507, 320500, '相城区');
INSERT INTO `county` VALUES (320508, 320500, '姑苏区');
INSERT INTO `county` VALUES (320509, 320500, '吴江区');
INSERT INTO `county` VALUES (320581, 320500, '常熟市');
INSERT INTO `county` VALUES (320582, 320500, '张家港市');
INSERT INTO `county` VALUES (320583, 320500, '昆山市');
INSERT INTO `county` VALUES (320585, 320500, '太仓市');
INSERT INTO `county` VALUES (320602, 320600, '崇川区');
INSERT INTO `county` VALUES (320611, 320600, '港闸区');
INSERT INTO `county` VALUES (320612, 320600, '通州区');
INSERT INTO `county` VALUES (320621, 320600, '海安县');
INSERT INTO `county` VALUES (320623, 320600, '如东县');
INSERT INTO `county` VALUES (320681, 320600, '启东市');
INSERT INTO `county` VALUES (320682, 320600, '如皋市');
INSERT INTO `county` VALUES (320684, 320600, '海门市');
INSERT INTO `county` VALUES (320703, 320700, '连云区');
INSERT INTO `county` VALUES (320706, 320700, '海州区');
INSERT INTO `county` VALUES (320707, 320700, '赣榆区');
INSERT INTO `county` VALUES (320722, 320700, '东海县');
INSERT INTO `county` VALUES (320723, 320700, '灌云县');
INSERT INTO `county` VALUES (320724, 320700, '灌南县');
INSERT INTO `county` VALUES (320802, 320800, '清河区');
INSERT INTO `county` VALUES (320803, 320800, '淮安区');
INSERT INTO `county` VALUES (320804, 320800, '淮阴区');
INSERT INTO `county` VALUES (320811, 320800, '清浦区');
INSERT INTO `county` VALUES (320826, 320800, '涟水县');
INSERT INTO `county` VALUES (320829, 320800, '洪泽县');
INSERT INTO `county` VALUES (320830, 320800, '盱眙县');
INSERT INTO `county` VALUES (320831, 320800, '金湖县');
INSERT INTO `county` VALUES (320902, 320900, '亭湖区');
INSERT INTO `county` VALUES (320903, 320900, '盐都区');
INSERT INTO `county` VALUES (320904, 320900, '大丰区');
INSERT INTO `county` VALUES (320921, 320900, '响水县');
INSERT INTO `county` VALUES (320922, 320900, '滨海县');
INSERT INTO `county` VALUES (320923, 320900, '阜宁县');
INSERT INTO `county` VALUES (320924, 320900, '射阳县');
INSERT INTO `county` VALUES (320925, 320900, '建湖县');
INSERT INTO `county` VALUES (320981, 320900, '东台市');
INSERT INTO `county` VALUES (321002, 321000, '广陵区');
INSERT INTO `county` VALUES (321003, 321000, '邗江区');
INSERT INTO `county` VALUES (321012, 321000, '江都区');
INSERT INTO `county` VALUES (321023, 321000, '宝应县');
INSERT INTO `county` VALUES (321081, 321000, '仪征市');
INSERT INTO `county` VALUES (321084, 321000, '高邮市');
INSERT INTO `county` VALUES (321102, 321100, '京口区');
INSERT INTO `county` VALUES (321111, 321100, '润州区');
INSERT INTO `county` VALUES (321112, 321100, '丹徒区');
INSERT INTO `county` VALUES (321181, 321100, '丹阳市');
INSERT INTO `county` VALUES (321182, 321100, '扬中市');
INSERT INTO `county` VALUES (321183, 321100, '句容市');
INSERT INTO `county` VALUES (321202, 321200, '海陵区');
INSERT INTO `county` VALUES (321203, 321200, '高港区');
INSERT INTO `county` VALUES (321204, 321200, '姜堰区');
INSERT INTO `county` VALUES (321281, 321200, '兴化市');
INSERT INTO `county` VALUES (321282, 321200, '靖江市');
INSERT INTO `county` VALUES (321283, 321200, '泰兴市');
INSERT INTO `county` VALUES (321302, 321300, '宿城区');
INSERT INTO `county` VALUES (321311, 321300, '宿豫区');
INSERT INTO `county` VALUES (321322, 321300, '沭阳县');
INSERT INTO `county` VALUES (321323, 321300, '泗阳县');
INSERT INTO `county` VALUES (321324, 321300, '泗洪县');
INSERT INTO `county` VALUES (330102, 330100, '上城区');
INSERT INTO `county` VALUES (330103, 330100, '下城区');
INSERT INTO `county` VALUES (330104, 330100, '江干区');
INSERT INTO `county` VALUES (330105, 330100, '拱墅区');
INSERT INTO `county` VALUES (330106, 330100, '西湖区');
INSERT INTO `county` VALUES (330108, 330100, '滨江区');
INSERT INTO `county` VALUES (330109, 330100, '萧山区');
INSERT INTO `county` VALUES (330110, 330100, '余杭区');
INSERT INTO `county` VALUES (330111, 330100, '富阳区');
INSERT INTO `county` VALUES (330122, 330100, '桐庐县');
INSERT INTO `county` VALUES (330127, 330100, '淳安县');
INSERT INTO `county` VALUES (330182, 330100, '建德市');
INSERT INTO `county` VALUES (330185, 330100, '临安市');
INSERT INTO `county` VALUES (330203, 330200, '海曙区');
INSERT INTO `county` VALUES (330204, 330200, '江东区');
INSERT INTO `county` VALUES (330205, 330200, '江北区');
INSERT INTO `county` VALUES (330206, 330200, '北仑区');
INSERT INTO `county` VALUES (330211, 330200, '镇海区');
INSERT INTO `county` VALUES (330212, 330200, '鄞州区');
INSERT INTO `county` VALUES (330225, 330200, '象山县');
INSERT INTO `county` VALUES (330226, 330200, '宁海县');
INSERT INTO `county` VALUES (330281, 330200, '余姚市');
INSERT INTO `county` VALUES (330282, 330200, '慈溪市');
INSERT INTO `county` VALUES (330283, 330200, '奉化市');
INSERT INTO `county` VALUES (330302, 330300, '鹿城区');
INSERT INTO `county` VALUES (330303, 330300, '龙湾区');
INSERT INTO `county` VALUES (330304, 330300, '瓯海区');
INSERT INTO `county` VALUES (330305, 330300, '洞头区');
INSERT INTO `county` VALUES (330324, 330300, '永嘉县');
INSERT INTO `county` VALUES (330326, 330300, '平阳县');
INSERT INTO `county` VALUES (330327, 330300, '苍南县');
INSERT INTO `county` VALUES (330328, 330300, '文成县');
INSERT INTO `county` VALUES (330329, 330300, '泰顺县');
INSERT INTO `county` VALUES (330381, 330300, '瑞安市');
INSERT INTO `county` VALUES (330382, 330300, '乐清市');
INSERT INTO `county` VALUES (330402, 330400, '南湖区');
INSERT INTO `county` VALUES (330411, 330400, '秀洲区');
INSERT INTO `county` VALUES (330421, 330400, '嘉善县');
INSERT INTO `county` VALUES (330424, 330400, '海盐县');
INSERT INTO `county` VALUES (330481, 330400, '海宁市');
INSERT INTO `county` VALUES (330482, 330400, '平湖市');
INSERT INTO `county` VALUES (330483, 330400, '桐乡市');
INSERT INTO `county` VALUES (330502, 330500, '吴兴区');
INSERT INTO `county` VALUES (330503, 330500, '南浔区');
INSERT INTO `county` VALUES (330521, 330500, '德清县');
INSERT INTO `county` VALUES (330522, 330500, '长兴县');
INSERT INTO `county` VALUES (330523, 330500, '安吉县');
INSERT INTO `county` VALUES (330602, 330600, '越城区');
INSERT INTO `county` VALUES (330603, 330600, '柯桥区');
INSERT INTO `county` VALUES (330604, 330600, '上虞区');
INSERT INTO `county` VALUES (330624, 330600, '新昌县');
INSERT INTO `county` VALUES (330681, 330600, '诸暨市');
INSERT INTO `county` VALUES (330683, 330600, '嵊州市');
INSERT INTO `county` VALUES (330702, 330700, '婺城区');
INSERT INTO `county` VALUES (330703, 330700, '金东区');
INSERT INTO `county` VALUES (330723, 330700, '武义县');
INSERT INTO `county` VALUES (330726, 330700, '浦江县');
INSERT INTO `county` VALUES (330727, 330700, '磐安县');
INSERT INTO `county` VALUES (330781, 330700, '兰溪市');
INSERT INTO `county` VALUES (330782, 330700, '义乌市');
INSERT INTO `county` VALUES (330783, 330700, '东阳市');
INSERT INTO `county` VALUES (330784, 330700, '永康市');
INSERT INTO `county` VALUES (330802, 330800, '柯城区');
INSERT INTO `county` VALUES (330803, 330800, '衢江区');
INSERT INTO `county` VALUES (330822, 330800, '常山县');
INSERT INTO `county` VALUES (330824, 330800, '开化县');
INSERT INTO `county` VALUES (330825, 330800, '龙游县');
INSERT INTO `county` VALUES (330881, 330800, '江山市');
INSERT INTO `county` VALUES (330902, 330900, '定海区');
INSERT INTO `county` VALUES (330903, 330900, '普陀区');
INSERT INTO `county` VALUES (330921, 330900, '岱山县');
INSERT INTO `county` VALUES (330922, 330900, '嵊泗县');
INSERT INTO `county` VALUES (331002, 331000, '椒江区');
INSERT INTO `county` VALUES (331003, 331000, '黄岩区');
INSERT INTO `county` VALUES (331004, 331000, '路桥区');
INSERT INTO `county` VALUES (331021, 331000, '玉环县');
INSERT INTO `county` VALUES (331022, 331000, '三门县');
INSERT INTO `county` VALUES (331023, 331000, '天台县');
INSERT INTO `county` VALUES (331024, 331000, '仙居县');
INSERT INTO `county` VALUES (331081, 331000, '温岭市');
INSERT INTO `county` VALUES (331082, 331000, '临海市');
INSERT INTO `county` VALUES (331102, 331100, '莲都区');
INSERT INTO `county` VALUES (331121, 331100, '青田县');
INSERT INTO `county` VALUES (331122, 331100, '缙云县');
INSERT INTO `county` VALUES (331123, 331100, '遂昌县');
INSERT INTO `county` VALUES (331124, 331100, '松阳县');
INSERT INTO `county` VALUES (331125, 331100, '云和县');
INSERT INTO `county` VALUES (331126, 331100, '庆元县');
INSERT INTO `county` VALUES (331127, 331100, '景宁畲族自治县');
INSERT INTO `county` VALUES (331181, 331100, '龙泉市');
INSERT INTO `county` VALUES (340102, 340100, '瑶海区');
INSERT INTO `county` VALUES (340103, 340100, '庐阳区');
INSERT INTO `county` VALUES (340104, 340100, '蜀山区');
INSERT INTO `county` VALUES (340111, 340100, '包河区');
INSERT INTO `county` VALUES (340121, 340100, '长丰县');
INSERT INTO `county` VALUES (340122, 340100, '肥东县');
INSERT INTO `county` VALUES (340123, 340100, '肥西县');
INSERT INTO `county` VALUES (340124, 340100, '庐江县');
INSERT INTO `county` VALUES (340181, 340100, '巢湖市');
INSERT INTO `county` VALUES (340202, 340200, '镜湖区');
INSERT INTO `county` VALUES (340203, 340200, '弋江区');
INSERT INTO `county` VALUES (340207, 340200, '鸠江区');
INSERT INTO `county` VALUES (340208, 340200, '三山区');
INSERT INTO `county` VALUES (340221, 340200, '芜湖县');
INSERT INTO `county` VALUES (340222, 340200, '繁昌县');
INSERT INTO `county` VALUES (340223, 340200, '南陵县');
INSERT INTO `county` VALUES (340225, 340200, '无为县');
INSERT INTO `county` VALUES (340302, 340300, '龙子湖区');
INSERT INTO `county` VALUES (340303, 340300, '蚌山区');
INSERT INTO `county` VALUES (340304, 340300, '禹会区');
INSERT INTO `county` VALUES (340311, 340300, '淮上区');
INSERT INTO `county` VALUES (340321, 340300, '怀远县');
INSERT INTO `county` VALUES (340322, 340300, '五河县');
INSERT INTO `county` VALUES (340323, 340300, '固镇县');
INSERT INTO `county` VALUES (340402, 340400, '大通区');
INSERT INTO `county` VALUES (340403, 340400, '田家庵区');
INSERT INTO `county` VALUES (340404, 340400, '谢家集区');
INSERT INTO `county` VALUES (340405, 340400, '八公山区');
INSERT INTO `county` VALUES (340406, 340400, '潘集区');
INSERT INTO `county` VALUES (340421, 340400, '凤台县');
INSERT INTO `county` VALUES (340422, 340400, '寿县');
INSERT INTO `county` VALUES (340503, 340500, '花山区');
INSERT INTO `county` VALUES (340504, 340500, '雨山区');
INSERT INTO `county` VALUES (340506, 340500, '博望区');
INSERT INTO `county` VALUES (340521, 340500, '当涂县');
INSERT INTO `county` VALUES (340522, 340500, '含山县');
INSERT INTO `county` VALUES (340523, 340500, '和县');
INSERT INTO `county` VALUES (340602, 340600, '杜集区');
INSERT INTO `county` VALUES (340603, 340600, '相山区');
INSERT INTO `county` VALUES (340604, 340600, '烈山区');
INSERT INTO `county` VALUES (340621, 340600, '濉溪县');
INSERT INTO `county` VALUES (340705, 340700, '铜官区');
INSERT INTO `county` VALUES (340706, 340700, '义安区');
INSERT INTO `county` VALUES (340711, 340700, '郊区');
INSERT INTO `county` VALUES (340722, 340700, '枞阳县');
INSERT INTO `county` VALUES (340802, 340800, '迎江区');
INSERT INTO `county` VALUES (340803, 340800, '大观区');
INSERT INTO `county` VALUES (340811, 340800, '宜秀区');
INSERT INTO `county` VALUES (340822, 340800, '怀宁县');
INSERT INTO `county` VALUES (340824, 340800, '潜山县');
INSERT INTO `county` VALUES (340825, 340800, '太湖县');
INSERT INTO `county` VALUES (340826, 340800, '宿松县');
INSERT INTO `county` VALUES (340827, 340800, '望江县');
INSERT INTO `county` VALUES (340828, 340800, '岳西县');
INSERT INTO `county` VALUES (340881, 340800, '桐城市');
INSERT INTO `county` VALUES (341002, 341000, '屯溪区');
INSERT INTO `county` VALUES (341003, 341000, '黄山区');
INSERT INTO `county` VALUES (341004, 341000, '徽州区');
INSERT INTO `county` VALUES (341021, 341000, '歙县');
INSERT INTO `county` VALUES (341022, 341000, '休宁县');
INSERT INTO `county` VALUES (341023, 341000, '黟县');
INSERT INTO `county` VALUES (341024, 341000, '祁门县');
INSERT INTO `county` VALUES (341102, 341100, '琅琊区');
INSERT INTO `county` VALUES (341103, 341100, '南谯区');
INSERT INTO `county` VALUES (341122, 341100, '来安县');
INSERT INTO `county` VALUES (341124, 341100, '全椒县');
INSERT INTO `county` VALUES (341125, 341100, '定远县');
INSERT INTO `county` VALUES (341126, 341100, '凤阳县');
INSERT INTO `county` VALUES (341181, 341100, '天长市');
INSERT INTO `county` VALUES (341182, 341100, '明光市');
INSERT INTO `county` VALUES (341202, 341200, '颍州区');
INSERT INTO `county` VALUES (341203, 341200, '颍东区');
INSERT INTO `county` VALUES (341204, 341200, '颍泉区');
INSERT INTO `county` VALUES (341221, 341200, '临泉县');
INSERT INTO `county` VALUES (341222, 341200, '太和县');
INSERT INTO `county` VALUES (341225, 341200, '阜南县');
INSERT INTO `county` VALUES (341226, 341200, '颍上县');
INSERT INTO `county` VALUES (341282, 341200, '界首市');
INSERT INTO `county` VALUES (341302, 341300, '埇桥区');
INSERT INTO `county` VALUES (341321, 341300, '砀山县');
INSERT INTO `county` VALUES (341322, 341300, '萧县');
INSERT INTO `county` VALUES (341323, 341300, '灵璧县');
INSERT INTO `county` VALUES (341324, 341300, '泗县');
INSERT INTO `county` VALUES (341502, 341500, '金安区');
INSERT INTO `county` VALUES (341503, 341500, '裕安区');
INSERT INTO `county` VALUES (341504, 341500, '叶集区');
INSERT INTO `county` VALUES (341522, 341500, '霍邱县');
INSERT INTO `county` VALUES (341523, 341500, '舒城县');
INSERT INTO `county` VALUES (341524, 341500, '金寨县');
INSERT INTO `county` VALUES (341525, 341500, '霍山县');
INSERT INTO `county` VALUES (341602, 341600, '谯城区');
INSERT INTO `county` VALUES (341621, 341600, '涡阳县');
INSERT INTO `county` VALUES (341622, 341600, '蒙城县');
INSERT INTO `county` VALUES (341623, 341600, '利辛县');
INSERT INTO `county` VALUES (341702, 341700, '贵池区');
INSERT INTO `county` VALUES (341721, 341700, '东至县');
INSERT INTO `county` VALUES (341722, 341700, '石台县');
INSERT INTO `county` VALUES (341723, 341700, '青阳县');
INSERT INTO `county` VALUES (341802, 341800, '宣州区');
INSERT INTO `county` VALUES (341821, 341800, '郎溪县');
INSERT INTO `county` VALUES (341822, 341800, '广德县');
INSERT INTO `county` VALUES (341823, 341800, '泾县');
INSERT INTO `county` VALUES (341824, 341800, '绩溪县');
INSERT INTO `county` VALUES (341825, 341800, '旌德县');
INSERT INTO `county` VALUES (341881, 341800, '宁国市');
INSERT INTO `county` VALUES (350102, 350100, '鼓楼区');
INSERT INTO `county` VALUES (350103, 350100, '台江区');
INSERT INTO `county` VALUES (350104, 350100, '仓山区');
INSERT INTO `county` VALUES (350105, 350100, '马尾区');
INSERT INTO `county` VALUES (350111, 350100, '晋安区');
INSERT INTO `county` VALUES (350121, 350100, '闽侯县');
INSERT INTO `county` VALUES (350122, 350100, '连江县');
INSERT INTO `county` VALUES (350123, 350100, '罗源县');
INSERT INTO `county` VALUES (350124, 350100, '闽清县');
INSERT INTO `county` VALUES (350125, 350100, '永泰县');
INSERT INTO `county` VALUES (350128, 350100, '平潭县');
INSERT INTO `county` VALUES (350181, 350100, '福清市');
INSERT INTO `county` VALUES (350182, 350100, '长乐市');
INSERT INTO `county` VALUES (350203, 350200, '思明区');
INSERT INTO `county` VALUES (350205, 350200, '海沧区');
INSERT INTO `county` VALUES (350206, 350200, '湖里区');
INSERT INTO `county` VALUES (350211, 350200, '集美区');
INSERT INTO `county` VALUES (350212, 350200, '同安区');
INSERT INTO `county` VALUES (350213, 350200, '翔安区');
INSERT INTO `county` VALUES (350302, 350300, '城厢区');
INSERT INTO `county` VALUES (350303, 350300, '涵江区');
INSERT INTO `county` VALUES (350304, 350300, '荔城区');
INSERT INTO `county` VALUES (350305, 350300, '秀屿区');
INSERT INTO `county` VALUES (350322, 350300, '仙游县');
INSERT INTO `county` VALUES (350402, 350400, '梅列区');
INSERT INTO `county` VALUES (350403, 350400, '三元区');
INSERT INTO `county` VALUES (350421, 350400, '明溪县');
INSERT INTO `county` VALUES (350423, 350400, '清流县');
INSERT INTO `county` VALUES (350424, 350400, '宁化县');
INSERT INTO `county` VALUES (350425, 350400, '大田县');
INSERT INTO `county` VALUES (350426, 350400, '尤溪县');
INSERT INTO `county` VALUES (350427, 350400, '沙县');
INSERT INTO `county` VALUES (350428, 350400, '将乐县');
INSERT INTO `county` VALUES (350429, 350400, '泰宁县');
INSERT INTO `county` VALUES (350430, 350400, '建宁县');
INSERT INTO `county` VALUES (350481, 350400, '永安市');
INSERT INTO `county` VALUES (350502, 350500, '鲤城区');
INSERT INTO `county` VALUES (350503, 350500, '丰泽区');
INSERT INTO `county` VALUES (350504, 350500, '洛江区');
INSERT INTO `county` VALUES (350505, 350500, '泉港区');
INSERT INTO `county` VALUES (350521, 350500, '惠安县');
INSERT INTO `county` VALUES (350524, 350500, '安溪县');
INSERT INTO `county` VALUES (350525, 350500, '永春县');
INSERT INTO `county` VALUES (350526, 350500, '德化县');
INSERT INTO `county` VALUES (350527, 350500, '金门县');
INSERT INTO `county` VALUES (350581, 350500, '石狮市');
INSERT INTO `county` VALUES (350582, 350500, '晋江市');
INSERT INTO `county` VALUES (350583, 350500, '南安市');
INSERT INTO `county` VALUES (350602, 350600, '芗城区');
INSERT INTO `county` VALUES (350603, 350600, '龙文区');
INSERT INTO `county` VALUES (350622, 350600, '云霄县');
INSERT INTO `county` VALUES (350623, 350600, '漳浦县');
INSERT INTO `county` VALUES (350624, 350600, '诏安县');
INSERT INTO `county` VALUES (350625, 350600, '长泰县');
INSERT INTO `county` VALUES (350626, 350600, '东山县');
INSERT INTO `county` VALUES (350627, 350600, '南靖县');
INSERT INTO `county` VALUES (350628, 350600, '平和县');
INSERT INTO `county` VALUES (350629, 350600, '华安县');
INSERT INTO `county` VALUES (350681, 350600, '龙海市');
INSERT INTO `county` VALUES (350702, 350700, '延平区');
INSERT INTO `county` VALUES (350703, 350700, '建阳区');
INSERT INTO `county` VALUES (350721, 350700, '顺昌县');
INSERT INTO `county` VALUES (350722, 350700, '浦城县');
INSERT INTO `county` VALUES (350723, 350700, '光泽县');
INSERT INTO `county` VALUES (350724, 350700, '松溪县');
INSERT INTO `county` VALUES (350725, 350700, '政和县');
INSERT INTO `county` VALUES (350781, 350700, '邵武市');
INSERT INTO `county` VALUES (350782, 350700, '武夷山市');
INSERT INTO `county` VALUES (350783, 350700, '建瓯市');
INSERT INTO `county` VALUES (350802, 350800, '新罗区');
INSERT INTO `county` VALUES (350803, 350800, '永定区');
INSERT INTO `county` VALUES (350821, 350800, '长汀县');
INSERT INTO `county` VALUES (350823, 350800, '上杭县');
INSERT INTO `county` VALUES (350824, 350800, '武平县');
INSERT INTO `county` VALUES (350825, 350800, '连城县');
INSERT INTO `county` VALUES (350881, 350800, '漳平市');
INSERT INTO `county` VALUES (350902, 350900, '蕉城区');
INSERT INTO `county` VALUES (350921, 350900, '霞浦县');
INSERT INTO `county` VALUES (350922, 350900, '古田县');
INSERT INTO `county` VALUES (350923, 350900, '屏南县');
INSERT INTO `county` VALUES (350924, 350900, '寿宁县');
INSERT INTO `county` VALUES (350925, 350900, '周宁县');
INSERT INTO `county` VALUES (350926, 350900, '柘荣县');
INSERT INTO `county` VALUES (350981, 350900, '福安市');
INSERT INTO `county` VALUES (350982, 350900, '福鼎市');
INSERT INTO `county` VALUES (360102, 360100, '东湖区');
INSERT INTO `county` VALUES (360103, 360100, '西湖区');
INSERT INTO `county` VALUES (360104, 360100, '青云谱区');
INSERT INTO `county` VALUES (360105, 360100, '湾里区');
INSERT INTO `county` VALUES (360111, 360100, '青山湖区');
INSERT INTO `county` VALUES (360112, 360100, '新建区');
INSERT INTO `county` VALUES (360121, 360100, '南昌县');
INSERT INTO `county` VALUES (360123, 360100, '安义县');
INSERT INTO `county` VALUES (360124, 360100, '进贤县');
INSERT INTO `county` VALUES (360202, 360200, '昌江区');
INSERT INTO `county` VALUES (360203, 360200, '珠山区');
INSERT INTO `county` VALUES (360222, 360200, '浮梁县');
INSERT INTO `county` VALUES (360281, 360200, '乐平市');
INSERT INTO `county` VALUES (360302, 360300, '安源区');
INSERT INTO `county` VALUES (360313, 360300, '湘东区');
INSERT INTO `county` VALUES (360321, 360300, '莲花县');
INSERT INTO `county` VALUES (360322, 360300, '上栗县');
INSERT INTO `county` VALUES (360323, 360300, '芦溪县');
INSERT INTO `county` VALUES (360402, 360400, '庐山区');
INSERT INTO `county` VALUES (360403, 360400, '浔阳区');
INSERT INTO `county` VALUES (360421, 360400, '九江县');
INSERT INTO `county` VALUES (360423, 360400, '武宁县');
INSERT INTO `county` VALUES (360424, 360400, '修水县');
INSERT INTO `county` VALUES (360425, 360400, '永修县');
INSERT INTO `county` VALUES (360426, 360400, '德安县');
INSERT INTO `county` VALUES (360427, 360400, '星子县');
INSERT INTO `county` VALUES (360428, 360400, '都昌县');
INSERT INTO `county` VALUES (360429, 360400, '湖口县');
INSERT INTO `county` VALUES (360430, 360400, '彭泽县');
INSERT INTO `county` VALUES (360481, 360400, '瑞昌市');
INSERT INTO `county` VALUES (360482, 360400, '共青城市');
INSERT INTO `county` VALUES (360502, 360500, '渝水区');
INSERT INTO `county` VALUES (360521, 360500, '分宜县');
INSERT INTO `county` VALUES (360602, 360600, '月湖区');
INSERT INTO `county` VALUES (360622, 360600, '余江县');
INSERT INTO `county` VALUES (360681, 360600, '贵溪市');
INSERT INTO `county` VALUES (360702, 360700, '章贡区');
INSERT INTO `county` VALUES (360703, 360700, '南康区');
INSERT INTO `county` VALUES (360721, 360700, '赣县');
INSERT INTO `county` VALUES (360722, 360700, '信丰县');
INSERT INTO `county` VALUES (360723, 360700, '大余县');
INSERT INTO `county` VALUES (360724, 360700, '上犹县');
INSERT INTO `county` VALUES (360725, 360700, '崇义县');
INSERT INTO `county` VALUES (360726, 360700, '安远县');
INSERT INTO `county` VALUES (360727, 360700, '龙南县');
INSERT INTO `county` VALUES (360728, 360700, '定南县');
INSERT INTO `county` VALUES (360729, 360700, '全南县');
INSERT INTO `county` VALUES (360730, 360700, '宁都县');
INSERT INTO `county` VALUES (360731, 360700, '于都县');
INSERT INTO `county` VALUES (360732, 360700, '兴国县');
INSERT INTO `county` VALUES (360733, 360700, '会昌县');
INSERT INTO `county` VALUES (360734, 360700, '寻乌县');
INSERT INTO `county` VALUES (360735, 360700, '石城县');
INSERT INTO `county` VALUES (360781, 360700, '瑞金市');
INSERT INTO `county` VALUES (360802, 360800, '吉州区');
INSERT INTO `county` VALUES (360803, 360800, '青原区');
INSERT INTO `county` VALUES (360821, 360800, '吉安县');
INSERT INTO `county` VALUES (360822, 360800, '吉水县');
INSERT INTO `county` VALUES (360823, 360800, '峡江县');
INSERT INTO `county` VALUES (360824, 360800, '新干县');
INSERT INTO `county` VALUES (360825, 360800, '永丰县');
INSERT INTO `county` VALUES (360826, 360800, '泰和县');
INSERT INTO `county` VALUES (360827, 360800, '遂川县');
INSERT INTO `county` VALUES (360828, 360800, '万安县');
INSERT INTO `county` VALUES (360829, 360800, '安福县');
INSERT INTO `county` VALUES (360830, 360800, '永新县');
INSERT INTO `county` VALUES (360881, 360800, '井冈山市');
INSERT INTO `county` VALUES (360902, 360900, '袁州区');
INSERT INTO `county` VALUES (360921, 360900, '奉新县');
INSERT INTO `county` VALUES (360922, 360900, '万载县');
INSERT INTO `county` VALUES (360923, 360900, '上高县');
INSERT INTO `county` VALUES (360924, 360900, '宜丰县');
INSERT INTO `county` VALUES (360925, 360900, '靖安县');
INSERT INTO `county` VALUES (360926, 360900, '铜鼓县');
INSERT INTO `county` VALUES (360981, 360900, '丰城市');
INSERT INTO `county` VALUES (360982, 360900, '樟树市');
INSERT INTO `county` VALUES (360983, 360900, '高安市');
INSERT INTO `county` VALUES (361002, 361000, '临川区');
INSERT INTO `county` VALUES (361021, 361000, '南城县');
INSERT INTO `county` VALUES (361022, 361000, '黎川县');
INSERT INTO `county` VALUES (361023, 361000, '南丰县');
INSERT INTO `county` VALUES (361024, 361000, '崇仁县');
INSERT INTO `county` VALUES (361025, 361000, '乐安县');
INSERT INTO `county` VALUES (361026, 361000, '宜黄县');
INSERT INTO `county` VALUES (361027, 361000, '金溪县');
INSERT INTO `county` VALUES (361028, 361000, '资溪县');
INSERT INTO `county` VALUES (361029, 361000, '东乡县');
INSERT INTO `county` VALUES (361030, 361000, '广昌县');
INSERT INTO `county` VALUES (361102, 361100, '信州区');
INSERT INTO `county` VALUES (361103, 361100, '广丰区');
INSERT INTO `county` VALUES (361121, 361100, '上饶县');
INSERT INTO `county` VALUES (361123, 361100, '玉山县');
INSERT INTO `county` VALUES (361124, 361100, '铅山县');
INSERT INTO `county` VALUES (361125, 361100, '横峰县');
INSERT INTO `county` VALUES (361126, 361100, '弋阳县');
INSERT INTO `county` VALUES (361127, 361100, '余干县');
INSERT INTO `county` VALUES (361128, 361100, '鄱阳县');
INSERT INTO `county` VALUES (361129, 361100, '万年县');
INSERT INTO `county` VALUES (361130, 361100, '婺源县');
INSERT INTO `county` VALUES (361181, 361100, '德兴市');
INSERT INTO `county` VALUES (370102, 370100, '历下区');
INSERT INTO `county` VALUES (370103, 370100, '市中区');
INSERT INTO `county` VALUES (370104, 370100, '槐荫区');
INSERT INTO `county` VALUES (370105, 370100, '天桥区');
INSERT INTO `county` VALUES (370112, 370100, '历城区');
INSERT INTO `county` VALUES (370113, 370100, '长清区');
INSERT INTO `county` VALUES (370124, 370100, '平阴县');
INSERT INTO `county` VALUES (370125, 370100, '济阳县');
INSERT INTO `county` VALUES (370126, 370100, '商河县');
INSERT INTO `county` VALUES (370181, 370100, '章丘市');
INSERT INTO `county` VALUES (370202, 370200, '市南区');
INSERT INTO `county` VALUES (370203, 370200, '市北区');
INSERT INTO `county` VALUES (370211, 370200, '黄岛区');
INSERT INTO `county` VALUES (370212, 370200, '崂山区');
INSERT INTO `county` VALUES (370213, 370200, '李沧区');
INSERT INTO `county` VALUES (370214, 370200, '城阳区');
INSERT INTO `county` VALUES (370281, 370200, '胶州市');
INSERT INTO `county` VALUES (370282, 370200, '即墨市');
INSERT INTO `county` VALUES (370283, 370200, '平度市');
INSERT INTO `county` VALUES (370285, 370200, '莱西市');
INSERT INTO `county` VALUES (370302, 370300, '淄川区');
INSERT INTO `county` VALUES (370303, 370300, '张店区');
INSERT INTO `county` VALUES (370304, 370300, '博山区');
INSERT INTO `county` VALUES (370305, 370300, '临淄区');
INSERT INTO `county` VALUES (370306, 370300, '周村区');
INSERT INTO `county` VALUES (370321, 370300, '桓台县');
INSERT INTO `county` VALUES (370322, 370300, '高青县');
INSERT INTO `county` VALUES (370323, 370300, '沂源县');
INSERT INTO `county` VALUES (370402, 370400, '市中区');
INSERT INTO `county` VALUES (370403, 370400, '薛城区');
INSERT INTO `county` VALUES (370404, 370400, '峄城区');
INSERT INTO `county` VALUES (370405, 370400, '台儿庄区');
INSERT INTO `county` VALUES (370406, 370400, '山亭区');
INSERT INTO `county` VALUES (370481, 370400, '滕州市');
INSERT INTO `county` VALUES (370502, 370500, '东营区');
INSERT INTO `county` VALUES (370503, 370500, '河口区');
INSERT INTO `county` VALUES (370521, 370500, '垦利县');
INSERT INTO `county` VALUES (370522, 370500, '利津县');
INSERT INTO `county` VALUES (370523, 370500, '广饶县');
INSERT INTO `county` VALUES (370602, 370600, '芝罘区');
INSERT INTO `county` VALUES (370611, 370600, '福山区');
INSERT INTO `county` VALUES (370612, 370600, '牟平区');
INSERT INTO `county` VALUES (370613, 370600, '莱山区');
INSERT INTO `county` VALUES (370634, 370600, '长岛县');
INSERT INTO `county` VALUES (370681, 370600, '龙口市');
INSERT INTO `county` VALUES (370682, 370600, '莱阳市');
INSERT INTO `county` VALUES (370683, 370600, '莱州市');
INSERT INTO `county` VALUES (370684, 370600, '蓬莱市');
INSERT INTO `county` VALUES (370685, 370600, '招远市');
INSERT INTO `county` VALUES (370686, 370600, '栖霞市');
INSERT INTO `county` VALUES (370687, 370600, '海阳市');
INSERT INTO `county` VALUES (370702, 370700, '潍城区');
INSERT INTO `county` VALUES (370703, 370700, '寒亭区');
INSERT INTO `county` VALUES (370704, 370700, '坊子区');
INSERT INTO `county` VALUES (370705, 370700, '奎文区');
INSERT INTO `county` VALUES (370724, 370700, '临朐县');
INSERT INTO `county` VALUES (370725, 370700, '昌乐县');
INSERT INTO `county` VALUES (370781, 370700, '青州市');
INSERT INTO `county` VALUES (370782, 370700, '诸城市');
INSERT INTO `county` VALUES (370783, 370700, '寿光市');
INSERT INTO `county` VALUES (370784, 370700, '安丘市');
INSERT INTO `county` VALUES (370785, 370700, '高密市');
INSERT INTO `county` VALUES (370786, 370700, '昌邑市');
INSERT INTO `county` VALUES (370811, 370800, '任城区');
INSERT INTO `county` VALUES (370812, 370800, '兖州区');
INSERT INTO `county` VALUES (370826, 370800, '微山县');
INSERT INTO `county` VALUES (370827, 370800, '鱼台县');
INSERT INTO `county` VALUES (370828, 370800, '金乡县');
INSERT INTO `county` VALUES (370829, 370800, '嘉祥县');
INSERT INTO `county` VALUES (370830, 370800, '汶上县');
INSERT INTO `county` VALUES (370831, 370800, '泗水县');
INSERT INTO `county` VALUES (370832, 370800, '梁山县');
INSERT INTO `county` VALUES (370881, 370800, '曲阜市');
INSERT INTO `county` VALUES (370883, 370800, '邹城市');
INSERT INTO `county` VALUES (370902, 370900, '泰山区');
INSERT INTO `county` VALUES (370911, 370900, '岱岳区');
INSERT INTO `county` VALUES (370921, 370900, '宁阳县');
INSERT INTO `county` VALUES (370923, 370900, '东平县');
INSERT INTO `county` VALUES (370982, 370900, '新泰市');
INSERT INTO `county` VALUES (370983, 370900, '肥城市');
INSERT INTO `county` VALUES (371002, 371000, '环翠区');
INSERT INTO `county` VALUES (371003, 371000, '文登区');
INSERT INTO `county` VALUES (371082, 371000, '荣成市');
INSERT INTO `county` VALUES (371083, 371000, '乳山市');
INSERT INTO `county` VALUES (371102, 371100, '东港区');
INSERT INTO `county` VALUES (371103, 371100, '岚山区');
INSERT INTO `county` VALUES (371121, 371100, '五莲县');
INSERT INTO `county` VALUES (371122, 371100, '莒县');
INSERT INTO `county` VALUES (371202, 371200, '莱城区');
INSERT INTO `county` VALUES (371203, 371200, '钢城区');
INSERT INTO `county` VALUES (371302, 371300, '兰山区');
INSERT INTO `county` VALUES (371311, 371300, '罗庄区');
INSERT INTO `county` VALUES (371312, 371300, '河东区');
INSERT INTO `county` VALUES (371321, 371300, '沂南县');
INSERT INTO `county` VALUES (371322, 371300, '郯城县');
INSERT INTO `county` VALUES (371323, 371300, '沂水县');
INSERT INTO `county` VALUES (371324, 371300, '兰陵县');
INSERT INTO `county` VALUES (371325, 371300, '费县');
INSERT INTO `county` VALUES (371326, 371300, '平邑县');
INSERT INTO `county` VALUES (371327, 371300, '莒南县');
INSERT INTO `county` VALUES (371328, 371300, '蒙阴县');
INSERT INTO `county` VALUES (371329, 371300, '临沭县');
INSERT INTO `county` VALUES (371402, 371400, '德城区');
INSERT INTO `county` VALUES (371403, 371400, '陵城区');
INSERT INTO `county` VALUES (371422, 371400, '宁津县');
INSERT INTO `county` VALUES (371423, 371400, '庆云县');
INSERT INTO `county` VALUES (371424, 371400, '临邑县');
INSERT INTO `county` VALUES (371425, 371400, '齐河县');
INSERT INTO `county` VALUES (371426, 371400, '平原县');
INSERT INTO `county` VALUES (371427, 371400, '夏津县');
INSERT INTO `county` VALUES (371428, 371400, '武城县');
INSERT INTO `county` VALUES (371481, 371400, '乐陵市');
INSERT INTO `county` VALUES (371482, 371400, '禹城市');
INSERT INTO `county` VALUES (371502, 371500, '东昌府区');
INSERT INTO `county` VALUES (371521, 371500, '阳谷县');
INSERT INTO `county` VALUES (371522, 371500, '莘县');
INSERT INTO `county` VALUES (371523, 371500, '茌平县');
INSERT INTO `county` VALUES (371524, 371500, '东阿县');
INSERT INTO `county` VALUES (371525, 371500, '冠县');
INSERT INTO `county` VALUES (371526, 371500, '高唐县');
INSERT INTO `county` VALUES (371581, 371500, '临清市');
INSERT INTO `county` VALUES (371602, 371600, '滨城区');
INSERT INTO `county` VALUES (371603, 371600, '沾化区');
INSERT INTO `county` VALUES (371621, 371600, '惠民县');
INSERT INTO `county` VALUES (371622, 371600, '阳信县');
INSERT INTO `county` VALUES (371623, 371600, '无棣县');
INSERT INTO `county` VALUES (371625, 371600, '博兴县');
INSERT INTO `county` VALUES (371626, 371600, '邹平县');
INSERT INTO `county` VALUES (371702, 371700, '牡丹区');
INSERT INTO `county` VALUES (371721, 371700, '曹县');
INSERT INTO `county` VALUES (371722, 371700, '单县');
INSERT INTO `county` VALUES (371723, 371700, '成武县');
INSERT INTO `county` VALUES (371724, 371700, '巨野县');
INSERT INTO `county` VALUES (371725, 371700, '郓城县');
INSERT INTO `county` VALUES (371726, 371700, '鄄城县');
INSERT INTO `county` VALUES (371727, 371700, '定陶县');
INSERT INTO `county` VALUES (371728, 371700, '东明县');
INSERT INTO `county` VALUES (410102, 410100, '中原区');
INSERT INTO `county` VALUES (410103, 410100, '二七区');
INSERT INTO `county` VALUES (410104, 410100, '管城回族区');
INSERT INTO `county` VALUES (410105, 410100, '金水区');
INSERT INTO `county` VALUES (410106, 410100, '上街区');
INSERT INTO `county` VALUES (410108, 410100, '惠济区');
INSERT INTO `county` VALUES (410122, 410100, '中牟县');
INSERT INTO `county` VALUES (410181, 410100, '巩义市');
INSERT INTO `county` VALUES (410182, 410100, '荥阳市');
INSERT INTO `county` VALUES (410183, 410100, '新密市');
INSERT INTO `county` VALUES (410184, 410100, '新郑市');
INSERT INTO `county` VALUES (410185, 410100, '登封市');
INSERT INTO `county` VALUES (410202, 410200, '龙亭区');
INSERT INTO `county` VALUES (410203, 410200, '顺河回族区');
INSERT INTO `county` VALUES (410204, 410200, '鼓楼区');
INSERT INTO `county` VALUES (410205, 410200, '禹王台区');
INSERT INTO `county` VALUES (410212, 410200, '祥符区');
INSERT INTO `county` VALUES (410221, 410200, '杞县');
INSERT INTO `county` VALUES (410222, 410200, '通许县');
INSERT INTO `county` VALUES (410223, 410200, '尉氏县');
INSERT INTO `county` VALUES (410225, 410200, '兰考县');
INSERT INTO `county` VALUES (410302, 410300, '老城区');
INSERT INTO `county` VALUES (410303, 410300, '西工区');
INSERT INTO `county` VALUES (410304, 410300, '瀍河回族区');
INSERT INTO `county` VALUES (410305, 410300, '涧西区');
INSERT INTO `county` VALUES (410306, 410300, '吉利区');
INSERT INTO `county` VALUES (410311, 410300, '洛龙区');
INSERT INTO `county` VALUES (410322, 410300, '孟津县');
INSERT INTO `county` VALUES (410323, 410300, '新安县');
INSERT INTO `county` VALUES (410324, 410300, '栾川县');
INSERT INTO `county` VALUES (410325, 410300, '嵩县');
INSERT INTO `county` VALUES (410326, 410300, '汝阳县');
INSERT INTO `county` VALUES (410327, 410300, '宜阳县');
INSERT INTO `county` VALUES (410328, 410300, '洛宁县');
INSERT INTO `county` VALUES (410329, 410300, '伊川县');
INSERT INTO `county` VALUES (410381, 410300, '偃师市');
INSERT INTO `county` VALUES (410402, 410400, '新华区');
INSERT INTO `county` VALUES (410403, 410400, '卫东区');
INSERT INTO `county` VALUES (410404, 410400, '石龙区');
INSERT INTO `county` VALUES (410411, 410400, '湛河区');
INSERT INTO `county` VALUES (410421, 410400, '宝丰县');
INSERT INTO `county` VALUES (410422, 410400, '叶县');
INSERT INTO `county` VALUES (410423, 410400, '鲁山县');
INSERT INTO `county` VALUES (410425, 410400, '郏县');
INSERT INTO `county` VALUES (410481, 410400, '舞钢市');
INSERT INTO `county` VALUES (410482, 410400, '汝州市');
INSERT INTO `county` VALUES (410502, 410500, '文峰区');
INSERT INTO `county` VALUES (410503, 410500, '北关区');
INSERT INTO `county` VALUES (410505, 410500, '殷都区');
INSERT INTO `county` VALUES (410506, 410500, '龙安区');
INSERT INTO `county` VALUES (410522, 410500, '安阳县');
INSERT INTO `county` VALUES (410523, 410500, '汤阴县');
INSERT INTO `county` VALUES (410526, 410500, '滑县');
INSERT INTO `county` VALUES (410527, 410500, '内黄县');
INSERT INTO `county` VALUES (410581, 410500, '林州市');
INSERT INTO `county` VALUES (410602, 410600, '鹤山区');
INSERT INTO `county` VALUES (410603, 410600, '山城区');
INSERT INTO `county` VALUES (410611, 410600, '淇滨区');
INSERT INTO `county` VALUES (410621, 410600, '浚县');
INSERT INTO `county` VALUES (410622, 410600, '淇县');
INSERT INTO `county` VALUES (410702, 410700, '红旗区');
INSERT INTO `county` VALUES (410703, 410700, '卫滨区');
INSERT INTO `county` VALUES (410704, 410700, '凤泉区');
INSERT INTO `county` VALUES (410711, 410700, '牧野区');
INSERT INTO `county` VALUES (410721, 410700, '新乡县');
INSERT INTO `county` VALUES (410724, 410700, '获嘉县');
INSERT INTO `county` VALUES (410725, 410700, '原阳县');
INSERT INTO `county` VALUES (410726, 410700, '延津县');
INSERT INTO `county` VALUES (410727, 410700, '封丘县');
INSERT INTO `county` VALUES (410728, 410700, '长垣县');
INSERT INTO `county` VALUES (410781, 410700, '卫辉市');
INSERT INTO `county` VALUES (410782, 410700, '辉县市');
INSERT INTO `county` VALUES (410802, 410800, '解放区');
INSERT INTO `county` VALUES (410803, 410800, '中站区');
INSERT INTO `county` VALUES (410804, 410800, '马村区');
INSERT INTO `county` VALUES (410811, 410800, '山阳区');
INSERT INTO `county` VALUES (410821, 410800, '修武县');
INSERT INTO `county` VALUES (410822, 410800, '博爱县');
INSERT INTO `county` VALUES (410823, 410800, '武陟县');
INSERT INTO `county` VALUES (410825, 410800, '温县');
INSERT INTO `county` VALUES (410882, 410800, '沁阳市');
INSERT INTO `county` VALUES (410883, 410800, '孟州市');
INSERT INTO `county` VALUES (410902, 410900, '华龙区');
INSERT INTO `county` VALUES (410922, 410900, '清丰县');
INSERT INTO `county` VALUES (410923, 410900, '南乐县');
INSERT INTO `county` VALUES (410926, 410900, '范县');
INSERT INTO `county` VALUES (410927, 410900, '台前县');
INSERT INTO `county` VALUES (410928, 410900, '濮阳县');
INSERT INTO `county` VALUES (411002, 411000, '魏都区');
INSERT INTO `county` VALUES (411023, 411000, '许昌县');
INSERT INTO `county` VALUES (411024, 411000, '鄢陵县');
INSERT INTO `county` VALUES (411025, 411000, '襄城县');
INSERT INTO `county` VALUES (411081, 411000, '禹州市');
INSERT INTO `county` VALUES (411082, 411000, '长葛市');
INSERT INTO `county` VALUES (411102, 411100, '源汇区');
INSERT INTO `county` VALUES (411103, 411100, '郾城区');
INSERT INTO `county` VALUES (411104, 411100, '召陵区');
INSERT INTO `county` VALUES (411121, 411100, '舞阳县');
INSERT INTO `county` VALUES (411122, 411100, '临颍县');
INSERT INTO `county` VALUES (411202, 411200, '湖滨区');
INSERT INTO `county` VALUES (411203, 411200, '陕州区');
INSERT INTO `county` VALUES (411221, 411200, '渑池县');
INSERT INTO `county` VALUES (411224, 411200, '卢氏县');
INSERT INTO `county` VALUES (411281, 411200, '义马市');
INSERT INTO `county` VALUES (411282, 411200, '灵宝市');
INSERT INTO `county` VALUES (411302, 411300, '宛城区');
INSERT INTO `county` VALUES (411303, 411300, '卧龙区');
INSERT INTO `county` VALUES (411321, 411300, '南召县');
INSERT INTO `county` VALUES (411322, 411300, '方城县');
INSERT INTO `county` VALUES (411323, 411300, '西峡县');
INSERT INTO `county` VALUES (411324, 411300, '镇平县');
INSERT INTO `county` VALUES (411325, 411300, '内乡县');
INSERT INTO `county` VALUES (411326, 411300, '淅川县');
INSERT INTO `county` VALUES (411327, 411300, '社旗县');
INSERT INTO `county` VALUES (411328, 411300, '唐河县');
INSERT INTO `county` VALUES (411329, 411300, '新野县');
INSERT INTO `county` VALUES (411330, 411300, '桐柏县');
INSERT INTO `county` VALUES (411381, 411300, '邓州市');
INSERT INTO `county` VALUES (411402, 411400, '梁园区');
INSERT INTO `county` VALUES (411403, 411400, '睢阳区');
INSERT INTO `county` VALUES (411421, 411400, '民权县');
INSERT INTO `county` VALUES (411422, 411400, '睢县');
INSERT INTO `county` VALUES (411423, 411400, '宁陵县');
INSERT INTO `county` VALUES (411424, 411400, '柘城县');
INSERT INTO `county` VALUES (411425, 411400, '虞城县');
INSERT INTO `county` VALUES (411426, 411400, '夏邑县');
INSERT INTO `county` VALUES (411481, 411400, '永城市');
INSERT INTO `county` VALUES (411502, 411500, '浉河区');
INSERT INTO `county` VALUES (411503, 411500, '平桥区');
INSERT INTO `county` VALUES (411521, 411500, '罗山县');
INSERT INTO `county` VALUES (411522, 411500, '光山县');
INSERT INTO `county` VALUES (411523, 411500, '新县');
INSERT INTO `county` VALUES (411524, 411500, '商城县');
INSERT INTO `county` VALUES (411525, 411500, '固始县');
INSERT INTO `county` VALUES (411526, 411500, '潢川县');
INSERT INTO `county` VALUES (411527, 411500, '淮滨县');
INSERT INTO `county` VALUES (411528, 411500, '息县');
INSERT INTO `county` VALUES (411602, 411600, '川汇区');
INSERT INTO `county` VALUES (411621, 411600, '扶沟县');
INSERT INTO `county` VALUES (411622, 411600, '西华县');
INSERT INTO `county` VALUES (411623, 411600, '商水县');
INSERT INTO `county` VALUES (411624, 411600, '沈丘县');
INSERT INTO `county` VALUES (411625, 411600, '郸城县');
INSERT INTO `county` VALUES (411626, 411600, '淮阳县');
INSERT INTO `county` VALUES (411627, 411600, '太康县');
INSERT INTO `county` VALUES (411628, 411600, '鹿邑县');
INSERT INTO `county` VALUES (411681, 411600, '项城市');
INSERT INTO `county` VALUES (411702, 411700, '驿城区');
INSERT INTO `county` VALUES (411721, 411700, '西平县');
INSERT INTO `county` VALUES (411722, 411700, '上蔡县');
INSERT INTO `county` VALUES (411723, 411700, '平舆县');
INSERT INTO `county` VALUES (411724, 411700, '正阳县');
INSERT INTO `county` VALUES (411725, 411700, '确山县');
INSERT INTO `county` VALUES (411726, 411700, '泌阳县');
INSERT INTO `county` VALUES (411727, 411700, '汝南县');
INSERT INTO `county` VALUES (411728, 411700, '遂平县');
INSERT INTO `county` VALUES (411729, 411700, '新蔡县');
INSERT INTO `county` VALUES (420102, 420100, '江岸区');
INSERT INTO `county` VALUES (420103, 420100, '江汉区');
INSERT INTO `county` VALUES (420104, 420100, '硚口区');
INSERT INTO `county` VALUES (420105, 420100, '汉阳区');
INSERT INTO `county` VALUES (420106, 420100, '武昌区');
INSERT INTO `county` VALUES (420107, 420100, '青山区');
INSERT INTO `county` VALUES (420111, 420100, '洪山区');
INSERT INTO `county` VALUES (420112, 420100, '东西湖区');
INSERT INTO `county` VALUES (420113, 420100, '汉南区');
INSERT INTO `county` VALUES (420114, 420100, '蔡甸区');
INSERT INTO `county` VALUES (420115, 420100, '江夏区');
INSERT INTO `county` VALUES (420116, 420100, '黄陂区');
INSERT INTO `county` VALUES (420117, 420100, '新洲区');
INSERT INTO `county` VALUES (420202, 420200, '黄石港区');
INSERT INTO `county` VALUES (420203, 420200, '西塞山区');
INSERT INTO `county` VALUES (420204, 420200, '下陆区');
INSERT INTO `county` VALUES (420205, 420200, '铁山区');
INSERT INTO `county` VALUES (420222, 420200, '阳新县');
INSERT INTO `county` VALUES (420281, 420200, '大冶市');
INSERT INTO `county` VALUES (420302, 420300, '茅箭区');
INSERT INTO `county` VALUES (420303, 420300, '张湾区');
INSERT INTO `county` VALUES (420304, 420300, '郧阳区');
INSERT INTO `county` VALUES (420322, 420300, '郧西县');
INSERT INTO `county` VALUES (420323, 420300, '竹山县');
INSERT INTO `county` VALUES (420324, 420300, '竹溪县');
INSERT INTO `county` VALUES (420325, 420300, '房县');
INSERT INTO `county` VALUES (420381, 420300, '丹江口市');
INSERT INTO `county` VALUES (420502, 420500, '西陵区');
INSERT INTO `county` VALUES (420503, 420500, '伍家岗区');
INSERT INTO `county` VALUES (420504, 420500, '点军区');
INSERT INTO `county` VALUES (420505, 420500, '猇亭区');
INSERT INTO `county` VALUES (420506, 420500, '夷陵区');
INSERT INTO `county` VALUES (420525, 420500, '远安县');
INSERT INTO `county` VALUES (420526, 420500, '兴山县');
INSERT INTO `county` VALUES (420527, 420500, '秭归县');
INSERT INTO `county` VALUES (420528, 420500, '长阳土家族自治县');
INSERT INTO `county` VALUES (420529, 420500, '五峰土家族自治县');
INSERT INTO `county` VALUES (420581, 420500, '宜都市');
INSERT INTO `county` VALUES (420582, 420500, '当阳市');
INSERT INTO `county` VALUES (420583, 420500, '枝江市');
INSERT INTO `county` VALUES (420602, 420600, '襄城区');
INSERT INTO `county` VALUES (420606, 420600, '樊城区');
INSERT INTO `county` VALUES (420607, 420600, '襄州区');
INSERT INTO `county` VALUES (420624, 420600, '南漳县');
INSERT INTO `county` VALUES (420625, 420600, '谷城县');
INSERT INTO `county` VALUES (420626, 420600, '保康县');
INSERT INTO `county` VALUES (420682, 420600, '老河口市');
INSERT INTO `county` VALUES (420683, 420600, '枣阳市');
INSERT INTO `county` VALUES (420684, 420600, '宜城市');
INSERT INTO `county` VALUES (420702, 420700, '梁子湖区');
INSERT INTO `county` VALUES (420703, 420700, '华容区');
INSERT INTO `county` VALUES (420704, 420700, '鄂城区');
INSERT INTO `county` VALUES (420802, 420800, '东宝区');
INSERT INTO `county` VALUES (420804, 420800, '掇刀区');
INSERT INTO `county` VALUES (420821, 420800, '京山县');
INSERT INTO `county` VALUES (420822, 420800, '沙洋县');
INSERT INTO `county` VALUES (420881, 420800, '钟祥市');
INSERT INTO `county` VALUES (420902, 420900, '孝南区');
INSERT INTO `county` VALUES (420921, 420900, '孝昌县');
INSERT INTO `county` VALUES (420922, 420900, '大悟县');
INSERT INTO `county` VALUES (420923, 420900, '云梦县');
INSERT INTO `county` VALUES (420981, 420900, '应城市');
INSERT INTO `county` VALUES (420982, 420900, '安陆市');
INSERT INTO `county` VALUES (420984, 420900, '汉川市');
INSERT INTO `county` VALUES (421002, 421000, '沙市区');
INSERT INTO `county` VALUES (421003, 421000, '荆州区');
INSERT INTO `county` VALUES (421022, 421000, '公安县');
INSERT INTO `county` VALUES (421023, 421000, '监利县');
INSERT INTO `county` VALUES (421024, 421000, '江陵县');
INSERT INTO `county` VALUES (421081, 421000, '石首市');
INSERT INTO `county` VALUES (421083, 421000, '洪湖市');
INSERT INTO `county` VALUES (421087, 421000, '松滋市');
INSERT INTO `county` VALUES (421102, 421100, '黄州区');
INSERT INTO `county` VALUES (421121, 421100, '团风县');
INSERT INTO `county` VALUES (421122, 421100, '红安县');
INSERT INTO `county` VALUES (421123, 421100, '罗田县');
INSERT INTO `county` VALUES (421124, 421100, '英山县');
INSERT INTO `county` VALUES (421125, 421100, '浠水县');
INSERT INTO `county` VALUES (421126, 421100, '蕲春县');
INSERT INTO `county` VALUES (421127, 421100, '黄梅县');
INSERT INTO `county` VALUES (421181, 421100, '麻城市');
INSERT INTO `county` VALUES (421182, 421100, '武穴市');
INSERT INTO `county` VALUES (421202, 421200, '咸安区');
INSERT INTO `county` VALUES (421221, 421200, '嘉鱼县');
INSERT INTO `county` VALUES (421222, 421200, '通城县');
INSERT INTO `county` VALUES (421223, 421200, '崇阳县');
INSERT INTO `county` VALUES (421224, 421200, '通山县');
INSERT INTO `county` VALUES (421281, 421200, '赤壁市');
INSERT INTO `county` VALUES (421303, 421300, '曾都区');
INSERT INTO `county` VALUES (421321, 421300, '随县');
INSERT INTO `county` VALUES (421381, 421300, '广水市');
INSERT INTO `county` VALUES (422801, 422800, '恩施市');
INSERT INTO `county` VALUES (422802, 422800, '利川市');
INSERT INTO `county` VALUES (422822, 422800, '建始县');
INSERT INTO `county` VALUES (422823, 422800, '巴东县');
INSERT INTO `county` VALUES (422825, 422800, '宣恩县');
INSERT INTO `county` VALUES (422826, 422800, '咸丰县');
INSERT INTO `county` VALUES (422827, 422800, '来凤县');
INSERT INTO `county` VALUES (422828, 422800, '鹤峰县');
INSERT INTO `county` VALUES (430102, 430100, '芙蓉区');
INSERT INTO `county` VALUES (430103, 430100, '天心区');
INSERT INTO `county` VALUES (430104, 430100, '岳麓区');
INSERT INTO `county` VALUES (430105, 430100, '开福区');
INSERT INTO `county` VALUES (430111, 430100, '雨花区');
INSERT INTO `county` VALUES (430112, 430100, '望城区');
INSERT INTO `county` VALUES (430121, 430100, '长沙县');
INSERT INTO `county` VALUES (430124, 430100, '宁乡县');
INSERT INTO `county` VALUES (430181, 430100, '浏阳市');
INSERT INTO `county` VALUES (430202, 430200, '荷塘区');
INSERT INTO `county` VALUES (430203, 430200, '芦淞区');
INSERT INTO `county` VALUES (430204, 430200, '石峰区');
INSERT INTO `county` VALUES (430211, 430200, '天元区');
INSERT INTO `county` VALUES (430221, 430200, '株洲县');
INSERT INTO `county` VALUES (430223, 430200, '攸县');
INSERT INTO `county` VALUES (430224, 430200, '茶陵县');
INSERT INTO `county` VALUES (430225, 430200, '炎陵县');
INSERT INTO `county` VALUES (430281, 430200, '醴陵市');
INSERT INTO `county` VALUES (430302, 430300, '雨湖区');
INSERT INTO `county` VALUES (430304, 430300, '岳塘区');
INSERT INTO `county` VALUES (430321, 430300, '湘潭县');
INSERT INTO `county` VALUES (430381, 430300, '湘乡市');
INSERT INTO `county` VALUES (430382, 430300, '韶山市');
INSERT INTO `county` VALUES (430405, 430400, '珠晖区');
INSERT INTO `county` VALUES (430406, 430400, '雁峰区');
INSERT INTO `county` VALUES (430407, 430400, '石鼓区');
INSERT INTO `county` VALUES (430408, 430400, '蒸湘区');
INSERT INTO `county` VALUES (430412, 430400, '南岳区');
INSERT INTO `county` VALUES (430421, 430400, '衡阳县');
INSERT INTO `county` VALUES (430422, 430400, '衡南县');
INSERT INTO `county` VALUES (430423, 430400, '衡山县');
INSERT INTO `county` VALUES (430424, 430400, '衡东县');
INSERT INTO `county` VALUES (430426, 430400, '祁东县');
INSERT INTO `county` VALUES (430481, 430400, '耒阳市');
INSERT INTO `county` VALUES (430482, 430400, '常宁市');
INSERT INTO `county` VALUES (430502, 430500, '双清区');
INSERT INTO `county` VALUES (430503, 430500, '大祥区');
INSERT INTO `county` VALUES (430511, 430500, '北塔区');
INSERT INTO `county` VALUES (430521, 430500, '邵东县');
INSERT INTO `county` VALUES (430522, 430500, '新邵县');
INSERT INTO `county` VALUES (430523, 430500, '邵阳县');
INSERT INTO `county` VALUES (430524, 430500, '隆回县');
INSERT INTO `county` VALUES (430525, 430500, '洞口县');
INSERT INTO `county` VALUES (430527, 430500, '绥宁县');
INSERT INTO `county` VALUES (430528, 430500, '新宁县');
INSERT INTO `county` VALUES (430529, 430500, '城步苗族自治县');
INSERT INTO `county` VALUES (430581, 430500, '武冈市');
INSERT INTO `county` VALUES (430602, 430600, '岳阳楼区');
INSERT INTO `county` VALUES (430603, 430600, '云溪区');
INSERT INTO `county` VALUES (430611, 430600, '君山区');
INSERT INTO `county` VALUES (430621, 430600, '岳阳县');
INSERT INTO `county` VALUES (430623, 430600, '华容县');
INSERT INTO `county` VALUES (430624, 430600, '湘阴县');
INSERT INTO `county` VALUES (430626, 430600, '平江县');
INSERT INTO `county` VALUES (430681, 430600, '汨罗市');
INSERT INTO `county` VALUES (430682, 430600, '临湘市');
INSERT INTO `county` VALUES (430702, 430700, '武陵区');
INSERT INTO `county` VALUES (430703, 430700, '鼎城区');
INSERT INTO `county` VALUES (430721, 430700, '安乡县');
INSERT INTO `county` VALUES (430722, 430700, '汉寿县');
INSERT INTO `county` VALUES (430723, 430700, '澧县');
INSERT INTO `county` VALUES (430724, 430700, '临澧县');
INSERT INTO `county` VALUES (430725, 430700, '桃源县');
INSERT INTO `county` VALUES (430726, 430700, '石门县');
INSERT INTO `county` VALUES (430781, 430700, '津市市');
INSERT INTO `county` VALUES (430802, 430800, '永定区');
INSERT INTO `county` VALUES (430811, 430800, '武陵源区');
INSERT INTO `county` VALUES (430821, 430800, '慈利县');
INSERT INTO `county` VALUES (430822, 430800, '桑植县');
INSERT INTO `county` VALUES (430902, 430900, '资阳区');
INSERT INTO `county` VALUES (430903, 430900, '赫山区');
INSERT INTO `county` VALUES (430921, 430900, '南县');
INSERT INTO `county` VALUES (430922, 430900, '桃江县');
INSERT INTO `county` VALUES (430923, 430900, '安化县');
INSERT INTO `county` VALUES (430981, 430900, '沅江市');
INSERT INTO `county` VALUES (431002, 431000, '北湖区');
INSERT INTO `county` VALUES (431003, 431000, '苏仙区');
INSERT INTO `county` VALUES (431021, 431000, '桂阳县');
INSERT INTO `county` VALUES (431022, 431000, '宜章县');
INSERT INTO `county` VALUES (431023, 431000, '永兴县');
INSERT INTO `county` VALUES (431024, 431000, '嘉禾县');
INSERT INTO `county` VALUES (431025, 431000, '临武县');
INSERT INTO `county` VALUES (431026, 431000, '汝城县');
INSERT INTO `county` VALUES (431027, 431000, '桂东县');
INSERT INTO `county` VALUES (431028, 431000, '安仁县');
INSERT INTO `county` VALUES (431081, 431000, '资兴市');
INSERT INTO `county` VALUES (431102, 431100, '零陵区');
INSERT INTO `county` VALUES (431103, 431100, '冷水滩区');
INSERT INTO `county` VALUES (431121, 431100, '祁阳县');
INSERT INTO `county` VALUES (431122, 431100, '东安县');
INSERT INTO `county` VALUES (431123, 431100, '双牌县');
INSERT INTO `county` VALUES (431124, 431100, '道县');
INSERT INTO `county` VALUES (431125, 431100, '江永县');
INSERT INTO `county` VALUES (431126, 431100, '宁远县');
INSERT INTO `county` VALUES (431127, 431100, '蓝山县');
INSERT INTO `county` VALUES (431128, 431100, '新田县');
INSERT INTO `county` VALUES (431129, 431100, '江华瑶族自治县');
INSERT INTO `county` VALUES (431202, 431200, '鹤城区');
INSERT INTO `county` VALUES (431221, 431200, '中方县');
INSERT INTO `county` VALUES (431222, 431200, '沅陵县');
INSERT INTO `county` VALUES (431223, 431200, '辰溪县');
INSERT INTO `county` VALUES (431224, 431200, '溆浦县');
INSERT INTO `county` VALUES (431225, 431200, '会同县');
INSERT INTO `county` VALUES (431226, 431200, '麻阳苗族自治县');
INSERT INTO `county` VALUES (431227, 431200, '新晃侗族自治县');
INSERT INTO `county` VALUES (431228, 431200, '芷江侗族自治县');
INSERT INTO `county` VALUES (431229, 431200, '靖州苗族侗族自治县');
INSERT INTO `county` VALUES (431230, 431200, '通道侗族自治县');
INSERT INTO `county` VALUES (431281, 431200, '洪江市');
INSERT INTO `county` VALUES (431302, 431300, '娄星区');
INSERT INTO `county` VALUES (431321, 431300, '双峰县');
INSERT INTO `county` VALUES (431322, 431300, '新化县');
INSERT INTO `county` VALUES (431381, 431300, '冷水江市');
INSERT INTO `county` VALUES (431382, 431300, '涟源市');
INSERT INTO `county` VALUES (433101, 433100, '吉首市');
INSERT INTO `county` VALUES (433122, 433100, '泸溪县');
INSERT INTO `county` VALUES (433123, 433100, '凤凰县');
INSERT INTO `county` VALUES (433124, 433100, '花垣县');
INSERT INTO `county` VALUES (433125, 433100, '保靖县');
INSERT INTO `county` VALUES (433126, 433100, '古丈县');
INSERT INTO `county` VALUES (433127, 433100, '永顺县');
INSERT INTO `county` VALUES (433130, 433100, '龙山县');
INSERT INTO `county` VALUES (440103, 440100, '荔湾区');
INSERT INTO `county` VALUES (440104, 440100, '越秀区');
INSERT INTO `county` VALUES (440105, 440100, '海珠区');
INSERT INTO `county` VALUES (440106, 440100, '天河区');
INSERT INTO `county` VALUES (440111, 440100, '白云区');
INSERT INTO `county` VALUES (440112, 440100, '黄埔区');
INSERT INTO `county` VALUES (440113, 440100, '番禺区');
INSERT INTO `county` VALUES (440114, 440100, '花都区');
INSERT INTO `county` VALUES (440115, 440100, '南沙区');
INSERT INTO `county` VALUES (440117, 440100, '从化区');
INSERT INTO `county` VALUES (440118, 440100, '增城区');
INSERT INTO `county` VALUES (440203, 440200, '武江区');
INSERT INTO `county` VALUES (440204, 440200, '浈江区');
INSERT INTO `county` VALUES (440205, 440200, '曲江区');
INSERT INTO `county` VALUES (440222, 440200, '始兴县');
INSERT INTO `county` VALUES (440224, 440200, '仁化县');
INSERT INTO `county` VALUES (440229, 440200, '翁源县');
INSERT INTO `county` VALUES (440232, 440200, '乳源瑶族自治县');
INSERT INTO `county` VALUES (440233, 440200, '新丰县');
INSERT INTO `county` VALUES (440281, 440200, '乐昌市');
INSERT INTO `county` VALUES (440282, 440200, '南雄市');
INSERT INTO `county` VALUES (440303, 440300, '罗湖区');
INSERT INTO `county` VALUES (440304, 440300, '福田区');
INSERT INTO `county` VALUES (440305, 440300, '南山区');
INSERT INTO `county` VALUES (440306, 440300, '宝安区');
INSERT INTO `county` VALUES (440307, 440300, '龙岗区');
INSERT INTO `county` VALUES (440308, 440300, '盐田区');
INSERT INTO `county` VALUES (440402, 440400, '香洲区');
INSERT INTO `county` VALUES (440403, 440400, '斗门区');
INSERT INTO `county` VALUES (440404, 440400, '金湾区');
INSERT INTO `county` VALUES (440507, 440500, '龙湖区');
INSERT INTO `county` VALUES (440511, 440500, '金平区');
INSERT INTO `county` VALUES (440512, 440500, '濠江区');
INSERT INTO `county` VALUES (440513, 440500, '潮阳区');
INSERT INTO `county` VALUES (440514, 440500, '潮南区');
INSERT INTO `county` VALUES (440515, 440500, '澄海区');
INSERT INTO `county` VALUES (440523, 440500, '南澳县');
INSERT INTO `county` VALUES (440604, 440600, '禅城区');
INSERT INTO `county` VALUES (440605, 440600, '南海区');
INSERT INTO `county` VALUES (440606, 440600, '顺德区');
INSERT INTO `county` VALUES (440607, 440600, '三水区');
INSERT INTO `county` VALUES (440608, 440600, '高明区');
INSERT INTO `county` VALUES (440703, 440700, '蓬江区');
INSERT INTO `county` VALUES (440704, 440700, '江海区');
INSERT INTO `county` VALUES (440705, 440700, '新会区');
INSERT INTO `county` VALUES (440781, 440700, '台山市');
INSERT INTO `county` VALUES (440783, 440700, '开平市');
INSERT INTO `county` VALUES (440784, 440700, '鹤山市');
INSERT INTO `county` VALUES (440785, 440700, '恩平市');
INSERT INTO `county` VALUES (440802, 440800, '赤坎区');
INSERT INTO `county` VALUES (440803, 440800, '霞山区');
INSERT INTO `county` VALUES (440804, 440800, '坡头区');
INSERT INTO `county` VALUES (440811, 440800, '麻章区');
INSERT INTO `county` VALUES (440823, 440800, '遂溪县');
INSERT INTO `county` VALUES (440825, 440800, '徐闻县');
INSERT INTO `county` VALUES (440881, 440800, '廉江市');
INSERT INTO `county` VALUES (440882, 440800, '雷州市');
INSERT INTO `county` VALUES (440883, 440800, '吴川市');
INSERT INTO `county` VALUES (440902, 440900, '茂南区');
INSERT INTO `county` VALUES (440904, 440900, '电白区');
INSERT INTO `county` VALUES (440981, 440900, '高州市');
INSERT INTO `county` VALUES (440982, 440900, '化州市');
INSERT INTO `county` VALUES (440983, 440900, '信宜市');
INSERT INTO `county` VALUES (441202, 441200, '端州区');
INSERT INTO `county` VALUES (441203, 441200, '鼎湖区');
INSERT INTO `county` VALUES (441204, 441200, '高要区');
INSERT INTO `county` VALUES (441223, 441200, '广宁县');
INSERT INTO `county` VALUES (441224, 441200, '怀集县');
INSERT INTO `county` VALUES (441225, 441200, '封开县');
INSERT INTO `county` VALUES (441226, 441200, '德庆县');
INSERT INTO `county` VALUES (441284, 441200, '四会市');
INSERT INTO `county` VALUES (441302, 441300, '惠城区');
INSERT INTO `county` VALUES (441303, 441300, '惠阳区');
INSERT INTO `county` VALUES (441322, 441300, '博罗县');
INSERT INTO `county` VALUES (441323, 441300, '惠东县');
INSERT INTO `county` VALUES (441324, 441300, '龙门县');
INSERT INTO `county` VALUES (441402, 441400, '梅江区');
INSERT INTO `county` VALUES (441403, 441400, '梅县区');
INSERT INTO `county` VALUES (441422, 441400, '大埔县');
INSERT INTO `county` VALUES (441423, 441400, '丰顺县');
INSERT INTO `county` VALUES (441424, 441400, '五华县');
INSERT INTO `county` VALUES (441426, 441400, '平远县');
INSERT INTO `county` VALUES (441427, 441400, '蕉岭县');
INSERT INTO `county` VALUES (441481, 441400, '兴宁市');
INSERT INTO `county` VALUES (441502, 441500, '城区');
INSERT INTO `county` VALUES (441521, 441500, '海丰县');
INSERT INTO `county` VALUES (441523, 441500, '陆河县');
INSERT INTO `county` VALUES (441581, 441500, '陆丰市');
INSERT INTO `county` VALUES (441602, 441600, '源城区');
INSERT INTO `county` VALUES (441621, 441600, '紫金县');
INSERT INTO `county` VALUES (441622, 441600, '龙川县');
INSERT INTO `county` VALUES (441623, 441600, '连平县');
INSERT INTO `county` VALUES (441624, 441600, '和平县');
INSERT INTO `county` VALUES (441625, 441600, '东源县');
INSERT INTO `county` VALUES (441702, 441700, '江城区');
INSERT INTO `county` VALUES (441704, 441700, '阳东区');
INSERT INTO `county` VALUES (441721, 441700, '阳西县');
INSERT INTO `county` VALUES (441781, 441700, '阳春市');
INSERT INTO `county` VALUES (441802, 441800, '清城区');
INSERT INTO `county` VALUES (441803, 441800, '清新区');
INSERT INTO `county` VALUES (441821, 441800, '佛冈县');
INSERT INTO `county` VALUES (441823, 441800, '阳山县');
INSERT INTO `county` VALUES (441825, 441800, '连山壮族瑶族自治县');
INSERT INTO `county` VALUES (441826, 441800, '连南瑶族自治县');
INSERT INTO `county` VALUES (441881, 441800, '英德市');
INSERT INTO `county` VALUES (441882, 441800, '连州市');
INSERT INTO `county` VALUES (441900, 441900, '三元里');
INSERT INTO `county` VALUES (442000, 442000, '湖滨北路');
INSERT INTO `county` VALUES (445102, 445100, '湘桥区');
INSERT INTO `county` VALUES (445103, 445100, '潮安区');
INSERT INTO `county` VALUES (445122, 445100, '饶平县');
INSERT INTO `county` VALUES (445202, 445200, '榕城区');
INSERT INTO `county` VALUES (445203, 445200, '揭东区');
INSERT INTO `county` VALUES (445222, 445200, '揭西县');
INSERT INTO `county` VALUES (445224, 445200, '惠来县');
INSERT INTO `county` VALUES (445281, 445200, '普宁市');
INSERT INTO `county` VALUES (445302, 445300, '云城区');
INSERT INTO `county` VALUES (445303, 445300, '云安区');
INSERT INTO `county` VALUES (445321, 445300, '新兴县');
INSERT INTO `county` VALUES (445322, 445300, '郁南县');
INSERT INTO `county` VALUES (445381, 445300, '罗定市');
INSERT INTO `county` VALUES (450102, 450100, '兴宁区');
INSERT INTO `county` VALUES (450103, 450100, '青秀区');
INSERT INTO `county` VALUES (450105, 450100, '江南区');
INSERT INTO `county` VALUES (450107, 450100, '西乡塘区');
INSERT INTO `county` VALUES (450108, 450100, '良庆区');
INSERT INTO `county` VALUES (450109, 450100, '邕宁区');
INSERT INTO `county` VALUES (450110, 450100, '武鸣区');
INSERT INTO `county` VALUES (450123, 450100, '隆安县');
INSERT INTO `county` VALUES (450124, 450100, '马山县');
INSERT INTO `county` VALUES (450125, 450100, '上林县');
INSERT INTO `county` VALUES (450126, 450100, '宾阳县');
INSERT INTO `county` VALUES (450127, 450100, '横县');
INSERT INTO `county` VALUES (450202, 450200, '城中区');
INSERT INTO `county` VALUES (450203, 450200, '鱼峰区');
INSERT INTO `county` VALUES (450204, 450200, '柳南区');
INSERT INTO `county` VALUES (450205, 450200, '柳北区');
INSERT INTO `county` VALUES (450221, 450200, '柳江县');
INSERT INTO `county` VALUES (450222, 450200, '柳城县');
INSERT INTO `county` VALUES (450223, 450200, '鹿寨县');
INSERT INTO `county` VALUES (450224, 450200, '融安县');
INSERT INTO `county` VALUES (450225, 450200, '融水苗族自治县');
INSERT INTO `county` VALUES (450226, 450200, '三江侗族自治县');
INSERT INTO `county` VALUES (450302, 450300, '秀峰区');
INSERT INTO `county` VALUES (450303, 450300, '叠彩区');
INSERT INTO `county` VALUES (450304, 450300, '象山区');
INSERT INTO `county` VALUES (450305, 450300, '七星区');
INSERT INTO `county` VALUES (450311, 450300, '雁山区');
INSERT INTO `county` VALUES (450312, 450300, '临桂区');
INSERT INTO `county` VALUES (450321, 450300, '阳朔县');
INSERT INTO `county` VALUES (450323, 450300, '灵川县');
INSERT INTO `county` VALUES (450324, 450300, '全州县');
INSERT INTO `county` VALUES (450325, 450300, '兴安县');
INSERT INTO `county` VALUES (450326, 450300, '永福县');
INSERT INTO `county` VALUES (450327, 450300, '灌阳县');
INSERT INTO `county` VALUES (450328, 450300, '龙胜各族自治县');
INSERT INTO `county` VALUES (450329, 450300, '资源县');
INSERT INTO `county` VALUES (450330, 450300, '平乐县');
INSERT INTO `county` VALUES (450331, 450300, '荔浦县');
INSERT INTO `county` VALUES (450332, 450300, '恭城瑶族自治县');
INSERT INTO `county` VALUES (450403, 450400, '万秀区');
INSERT INTO `county` VALUES (450405, 450400, '长洲区');
INSERT INTO `county` VALUES (450406, 450400, '龙圩区');
INSERT INTO `county` VALUES (450421, 450400, '苍梧县');
INSERT INTO `county` VALUES (450422, 450400, '藤县');
INSERT INTO `county` VALUES (450423, 450400, '蒙山县');
INSERT INTO `county` VALUES (450481, 450400, '岑溪市');
INSERT INTO `county` VALUES (450502, 450500, '海城区');
INSERT INTO `county` VALUES (450503, 450500, '银海区');
INSERT INTO `county` VALUES (450512, 450500, '铁山港区');
INSERT INTO `county` VALUES (450521, 450500, '合浦县');
INSERT INTO `county` VALUES (450602, 450600, '港口区');
INSERT INTO `county` VALUES (450603, 450600, '防城区');
INSERT INTO `county` VALUES (450621, 450600, '上思县');
INSERT INTO `county` VALUES (450681, 450600, '东兴市');
INSERT INTO `county` VALUES (450702, 450700, '钦南区');
INSERT INTO `county` VALUES (450703, 450700, '钦北区');
INSERT INTO `county` VALUES (450721, 450700, '灵山县');
INSERT INTO `county` VALUES (450722, 450700, '浦北县');
INSERT INTO `county` VALUES (450802, 450800, '港北区');
INSERT INTO `county` VALUES (450803, 450800, '港南区');
INSERT INTO `county` VALUES (450804, 450800, '覃塘区');
INSERT INTO `county` VALUES (450821, 450800, '平南县');
INSERT INTO `county` VALUES (450881, 450800, '桂平市');
INSERT INTO `county` VALUES (450902, 450900, '玉州区');
INSERT INTO `county` VALUES (450903, 450900, '福绵区');
INSERT INTO `county` VALUES (450921, 450900, '容县');
INSERT INTO `county` VALUES (450922, 450900, '陆川县');
INSERT INTO `county` VALUES (450923, 450900, '博白县');
INSERT INTO `county` VALUES (450924, 450900, '兴业县');
INSERT INTO `county` VALUES (450981, 450900, '北流市');
INSERT INTO `county` VALUES (451002, 451000, '右江区');
INSERT INTO `county` VALUES (451021, 451000, '田阳县');
INSERT INTO `county` VALUES (451022, 451000, '田东县');
INSERT INTO `county` VALUES (451023, 451000, '平果县');
INSERT INTO `county` VALUES (451024, 451000, '德保县');
INSERT INTO `county` VALUES (451026, 451000, '那坡县');
INSERT INTO `county` VALUES (451027, 451000, '凌云县');
INSERT INTO `county` VALUES (451028, 451000, '乐业县');
INSERT INTO `county` VALUES (451029, 451000, '田林县');
INSERT INTO `county` VALUES (451030, 451000, '西林县');
INSERT INTO `county` VALUES (451031, 451000, '隆林各族自治县');
INSERT INTO `county` VALUES (451081, 451000, '靖西市');
INSERT INTO `county` VALUES (451102, 451100, '八步区');
INSERT INTO `county` VALUES (451121, 451100, '昭平县');
INSERT INTO `county` VALUES (451122, 451100, '钟山县');
INSERT INTO `county` VALUES (451123, 451100, '富川瑶族自治县');
INSERT INTO `county` VALUES (451202, 451200, '金城江区');
INSERT INTO `county` VALUES (451221, 451200, '南丹县');
INSERT INTO `county` VALUES (451222, 451200, '天峨县');
INSERT INTO `county` VALUES (451223, 451200, '凤山县');
INSERT INTO `county` VALUES (451224, 451200, '东兰县');
INSERT INTO `county` VALUES (451225, 451200, '罗城仫佬族自治县');
INSERT INTO `county` VALUES (451226, 451200, '环江毛南族自治县');
INSERT INTO `county` VALUES (451227, 451200, '巴马瑶族自治县');
INSERT INTO `county` VALUES (451228, 451200, '都安瑶族自治县');
INSERT INTO `county` VALUES (451229, 451200, '大化瑶族自治县');
INSERT INTO `county` VALUES (451281, 451200, '宜州市');
INSERT INTO `county` VALUES (451302, 451300, '兴宾区');
INSERT INTO `county` VALUES (451321, 451300, '忻城县');
INSERT INTO `county` VALUES (451322, 451300, '象州县');
INSERT INTO `county` VALUES (451323, 451300, '武宣县');
INSERT INTO `county` VALUES (451324, 451300, '金秀瑶族自治县');
INSERT INTO `county` VALUES (451381, 451300, '合山市');
INSERT INTO `county` VALUES (451402, 451400, '江州区');
INSERT INTO `county` VALUES (451421, 451400, '扶绥县');
INSERT INTO `county` VALUES (451422, 451400, '宁明县');
INSERT INTO `county` VALUES (451423, 451400, '龙州县');
INSERT INTO `county` VALUES (451424, 451400, '大新县');
INSERT INTO `county` VALUES (451425, 451400, '天等县');
INSERT INTO `county` VALUES (451481, 451400, '凭祥市');
INSERT INTO `county` VALUES (460105, 460100, '秀英区');
INSERT INTO `county` VALUES (460106, 460100, '龙华区');
INSERT INTO `county` VALUES (460107, 460100, '琼山区');
INSERT INTO `county` VALUES (460108, 460100, '美兰区');
INSERT INTO `county` VALUES (460200, 460200, '三亚湾');
INSERT INTO `county` VALUES (460202, 460200, '海棠区');
INSERT INTO `county` VALUES (460203, 460200, '吉阳区');
INSERT INTO `county` VALUES (460204, 460200, '天涯区');
INSERT INTO `county` VALUES (460205, 460200, '崖州区');
INSERT INTO `county` VALUES (460321, 460300, '西沙群岛');
INSERT INTO `county` VALUES (460322, 460300, '南沙群岛');
INSERT INTO `county` VALUES (460323, 460300, '中沙群岛的岛礁及其海域');
INSERT INTO `county` VALUES (500101, 500100, '万州区');
INSERT INTO `county` VALUES (500102, 500100, '涪陵区');
INSERT INTO `county` VALUES (500103, 500100, '渝中区');
INSERT INTO `county` VALUES (500104, 500100, '大渡口区');
INSERT INTO `county` VALUES (500105, 500100, '江北区');
INSERT INTO `county` VALUES (500106, 500100, '沙坪坝区');
INSERT INTO `county` VALUES (500107, 500100, '九龙坡区');
INSERT INTO `county` VALUES (500108, 500100, '南岸区');
INSERT INTO `county` VALUES (500109, 500100, '北碚区');
INSERT INTO `county` VALUES (500110, 500100, '綦江区');
INSERT INTO `county` VALUES (500111, 500100, '大足区');
INSERT INTO `county` VALUES (500112, 500100, '渝北区');
INSERT INTO `county` VALUES (500113, 500100, '巴南区');
INSERT INTO `county` VALUES (500114, 500100, '黔江区');
INSERT INTO `county` VALUES (500115, 500100, '长寿区');
INSERT INTO `county` VALUES (500116, 500100, '江津区');
INSERT INTO `county` VALUES (500117, 500100, '合川区');
INSERT INTO `county` VALUES (500118, 500100, '永川区');
INSERT INTO `county` VALUES (500119, 500100, '南川区');
INSERT INTO `county` VALUES (500120, 500100, '璧山区');
INSERT INTO `county` VALUES (500151, 500100, '铜梁区');
INSERT INTO `county` VALUES (500152, 500100, '潼南区');
INSERT INTO `county` VALUES (500153, 500100, '荣昌区');
INSERT INTO `county` VALUES (500228, 500100, '梁平县');
INSERT INTO `county` VALUES (500229, 500100, '城口县');
INSERT INTO `county` VALUES (500230, 500100, '丰都县');
INSERT INTO `county` VALUES (500231, 500100, '垫江县');
INSERT INTO `county` VALUES (500232, 500100, '武隆县');
INSERT INTO `county` VALUES (500233, 500100, '忠县');
INSERT INTO `county` VALUES (500234, 500100, '开县');
INSERT INTO `county` VALUES (500235, 500100, '云阳县');
INSERT INTO `county` VALUES (500236, 500100, '奉节县');
INSERT INTO `county` VALUES (500237, 500100, '巫山县');
INSERT INTO `county` VALUES (500238, 500100, '巫溪县');
INSERT INTO `county` VALUES (500240, 500100, '石柱土家族自治县');
INSERT INTO `county` VALUES (500241, 500100, '秀山土家族苗族自治县');
INSERT INTO `county` VALUES (500242, 500100, '酉阳土家族苗族自治县');
INSERT INTO `county` VALUES (500243, 500100, '彭水苗族土家族自治县');
INSERT INTO `county` VALUES (510104, 510100, '锦江区');
INSERT INTO `county` VALUES (510105, 510100, '青羊区');
INSERT INTO `county` VALUES (510106, 510100, '金牛区');
INSERT INTO `county` VALUES (510107, 510100, '武侯区');
INSERT INTO `county` VALUES (510108, 510100, '成华区');
INSERT INTO `county` VALUES (510112, 510100, '龙泉驿区');
INSERT INTO `county` VALUES (510113, 510100, '青白江区');
INSERT INTO `county` VALUES (510114, 510100, '新都区');
INSERT INTO `county` VALUES (510115, 510100, '温江区');
INSERT INTO `county` VALUES (510116, 510100, '双流区');
INSERT INTO `county` VALUES (510121, 510100, '金堂县');
INSERT INTO `county` VALUES (510124, 510100, '郫县');
INSERT INTO `county` VALUES (510129, 510100, '大邑县');
INSERT INTO `county` VALUES (510131, 510100, '蒲江县');
INSERT INTO `county` VALUES (510132, 510100, '新津县');
INSERT INTO `county` VALUES (510181, 510100, '都江堰市');
INSERT INTO `county` VALUES (510182, 510100, '彭州市');
INSERT INTO `county` VALUES (510183, 510100, '邛崃市');
INSERT INTO `county` VALUES (510184, 510100, '崇州市');
INSERT INTO `county` VALUES (510302, 510300, '自流井区');
INSERT INTO `county` VALUES (510303, 510300, '贡井区');
INSERT INTO `county` VALUES (510304, 510300, '大安区');
INSERT INTO `county` VALUES (510311, 510300, '沿滩区');
INSERT INTO `county` VALUES (510321, 510300, '荣县');
INSERT INTO `county` VALUES (510322, 510300, '富顺县');
INSERT INTO `county` VALUES (510402, 510400, '东区');
INSERT INTO `county` VALUES (510403, 510400, '西区');
INSERT INTO `county` VALUES (510411, 510400, '仁和区');
INSERT INTO `county` VALUES (510421, 510400, '米易县');
INSERT INTO `county` VALUES (510422, 510400, '盐边县');
INSERT INTO `county` VALUES (510502, 510500, '江阳区');
INSERT INTO `county` VALUES (510503, 510500, '纳溪区');
INSERT INTO `county` VALUES (510504, 510500, '龙马潭区');
INSERT INTO `county` VALUES (510521, 510500, '泸县');
INSERT INTO `county` VALUES (510522, 510500, '合江县');
INSERT INTO `county` VALUES (510524, 510500, '叙永县');
INSERT INTO `county` VALUES (510525, 510500, '古蔺县');
INSERT INTO `county` VALUES (510603, 510600, '旌阳区');
INSERT INTO `county` VALUES (510623, 510600, '中江县');
INSERT INTO `county` VALUES (510626, 510600, '罗江县');
INSERT INTO `county` VALUES (510681, 510600, '广汉市');
INSERT INTO `county` VALUES (510682, 510600, '什邡市');
INSERT INTO `county` VALUES (510683, 510600, '绵竹市');
INSERT INTO `county` VALUES (510703, 510700, '涪城区');
INSERT INTO `county` VALUES (510704, 510700, '游仙区');
INSERT INTO `county` VALUES (510722, 510700, '三台县');
INSERT INTO `county` VALUES (510723, 510700, '盐亭县');
INSERT INTO `county` VALUES (510724, 510700, '安县');
INSERT INTO `county` VALUES (510725, 510700, '梓潼县');
INSERT INTO `county` VALUES (510726, 510700, '北川羌族自治县');
INSERT INTO `county` VALUES (510727, 510700, '平武县');
INSERT INTO `county` VALUES (510781, 510700, '江油市');
INSERT INTO `county` VALUES (510802, 510800, '利州区');
INSERT INTO `county` VALUES (510811, 510800, '昭化区');
INSERT INTO `county` VALUES (510812, 510800, '朝天区');
INSERT INTO `county` VALUES (510821, 510800, '旺苍县');
INSERT INTO `county` VALUES (510822, 510800, '青川县');
INSERT INTO `county` VALUES (510823, 510800, '剑阁县');
INSERT INTO `county` VALUES (510824, 510800, '苍溪县');
INSERT INTO `county` VALUES (510903, 510900, '船山区');
INSERT INTO `county` VALUES (510904, 510900, '安居区');
INSERT INTO `county` VALUES (510921, 510900, '蓬溪县');
INSERT INTO `county` VALUES (510922, 510900, '射洪县');
INSERT INTO `county` VALUES (510923, 510900, '大英县');
INSERT INTO `county` VALUES (511002, 511000, '市中区');
INSERT INTO `county` VALUES (511011, 511000, '东兴区');
INSERT INTO `county` VALUES (511024, 511000, '威远县');
INSERT INTO `county` VALUES (511025, 511000, '资中县');
INSERT INTO `county` VALUES (511028, 511000, '隆昌县');
INSERT INTO `county` VALUES (511102, 511100, '市中区');
INSERT INTO `county` VALUES (511111, 511100, '沙湾区');
INSERT INTO `county` VALUES (511112, 511100, '五通桥区');
INSERT INTO `county` VALUES (511113, 511100, '金口河区');
INSERT INTO `county` VALUES (511123, 511100, '犍为县');
INSERT INTO `county` VALUES (511124, 511100, '井研县');
INSERT INTO `county` VALUES (511126, 511100, '夹江县');
INSERT INTO `county` VALUES (511129, 511100, '沐川县');
INSERT INTO `county` VALUES (511132, 511100, '峨边彝族自治县');
INSERT INTO `county` VALUES (511133, 511100, '马边彝族自治县');
INSERT INTO `county` VALUES (511181, 511100, '峨眉山市');
INSERT INTO `county` VALUES (511302, 511300, '顺庆区');
INSERT INTO `county` VALUES (511303, 511300, '高坪区');
INSERT INTO `county` VALUES (511304, 511300, '嘉陵区');
INSERT INTO `county` VALUES (511321, 511300, '南部县');
INSERT INTO `county` VALUES (511322, 511300, '营山县');
INSERT INTO `county` VALUES (511323, 511300, '蓬安县');
INSERT INTO `county` VALUES (511324, 511300, '仪陇县');
INSERT INTO `county` VALUES (511325, 511300, '西充县');
INSERT INTO `county` VALUES (511381, 511300, '阆中市');
INSERT INTO `county` VALUES (511402, 511400, '东坡区');
INSERT INTO `county` VALUES (511403, 511400, '彭山区');
INSERT INTO `county` VALUES (511421, 511400, '仁寿县');
INSERT INTO `county` VALUES (511423, 511400, '洪雅县');
INSERT INTO `county` VALUES (511424, 511400, '丹棱县');
INSERT INTO `county` VALUES (511425, 511400, '青神县');
INSERT INTO `county` VALUES (511502, 511500, '翠屏区');
INSERT INTO `county` VALUES (511503, 511500, '南溪区');
INSERT INTO `county` VALUES (511521, 511500, '宜宾县');
INSERT INTO `county` VALUES (511523, 511500, '江安县');
INSERT INTO `county` VALUES (511524, 511500, '长宁县');
INSERT INTO `county` VALUES (511525, 511500, '高县');
INSERT INTO `county` VALUES (511526, 511500, '珙县');
INSERT INTO `county` VALUES (511527, 511500, '筠连县');
INSERT INTO `county` VALUES (511528, 511500, '兴文县');
INSERT INTO `county` VALUES (511529, 511500, '屏山县');
INSERT INTO `county` VALUES (511602, 511600, '广安区');
INSERT INTO `county` VALUES (511603, 511600, '前锋区');
INSERT INTO `county` VALUES (511621, 511600, '岳池县');
INSERT INTO `county` VALUES (511622, 511600, '武胜县');
INSERT INTO `county` VALUES (511623, 511600, '邻水县');
INSERT INTO `county` VALUES (511681, 511600, '华蓥市');
INSERT INTO `county` VALUES (511702, 511700, '通川区');
INSERT INTO `county` VALUES (511703, 511700, '达川区');
INSERT INTO `county` VALUES (511722, 511700, '宣汉县');
INSERT INTO `county` VALUES (511723, 511700, '开江县');
INSERT INTO `county` VALUES (511724, 511700, '大竹县');
INSERT INTO `county` VALUES (511725, 511700, '渠县');
INSERT INTO `county` VALUES (511781, 511700, '万源市');
INSERT INTO `county` VALUES (511802, 511800, '雨城区');
INSERT INTO `county` VALUES (511803, 511800, '名山区');
INSERT INTO `county` VALUES (511822, 511800, '荥经县');
INSERT INTO `county` VALUES (511823, 511800, '汉源县');
INSERT INTO `county` VALUES (511824, 511800, '石棉县');
INSERT INTO `county` VALUES (511825, 511800, '天全县');
INSERT INTO `county` VALUES (511826, 511800, '芦山县');
INSERT INTO `county` VALUES (511827, 511800, '宝兴县');
INSERT INTO `county` VALUES (511902, 511900, '巴州区');
INSERT INTO `county` VALUES (511903, 511900, '恩阳区');
INSERT INTO `county` VALUES (511921, 511900, '通江县');
INSERT INTO `county` VALUES (511922, 511900, '南江县');
INSERT INTO `county` VALUES (511923, 511900, '平昌县');
INSERT INTO `county` VALUES (512002, 512000, '雁江区');
INSERT INTO `county` VALUES (512021, 512000, '安岳县');
INSERT INTO `county` VALUES (512022, 512000, '乐至县');
INSERT INTO `county` VALUES (512081, 512000, '简阳市');
INSERT INTO `county` VALUES (513201, 513200, '马尔康市');
INSERT INTO `county` VALUES (513221, 513200, '汶川县');
INSERT INTO `county` VALUES (513222, 513200, '理县');
INSERT INTO `county` VALUES (513223, 513200, '茂县');
INSERT INTO `county` VALUES (513224, 513200, '松潘县');
INSERT INTO `county` VALUES (513225, 513200, '九寨沟县');
INSERT INTO `county` VALUES (513226, 513200, '金川县');
INSERT INTO `county` VALUES (513227, 513200, '小金县');
INSERT INTO `county` VALUES (513228, 513200, '黑水县');
INSERT INTO `county` VALUES (513230, 513200, '壤塘县');
INSERT INTO `county` VALUES (513231, 513200, '阿坝县');
INSERT INTO `county` VALUES (513232, 513200, '若尔盖县');
INSERT INTO `county` VALUES (513233, 513200, '红原县');
INSERT INTO `county` VALUES (513301, 513300, '康定市');
INSERT INTO `county` VALUES (513322, 513300, '泸定县');
INSERT INTO `county` VALUES (513323, 513300, '丹巴县');
INSERT INTO `county` VALUES (513324, 513300, '九龙县');
INSERT INTO `county` VALUES (513325, 513300, '雅江县');
INSERT INTO `county` VALUES (513326, 513300, '道孚县');
INSERT INTO `county` VALUES (513327, 513300, '炉霍县');
INSERT INTO `county` VALUES (513328, 513300, '甘孜县');
INSERT INTO `county` VALUES (513329, 513300, '新龙县');
INSERT INTO `county` VALUES (513330, 513300, '德格县');
INSERT INTO `county` VALUES (513331, 513300, '白玉县');
INSERT INTO `county` VALUES (513332, 513300, '石渠县');
INSERT INTO `county` VALUES (513333, 513300, '色达县');
INSERT INTO `county` VALUES (513334, 513300, '理塘县');
INSERT INTO `county` VALUES (513335, 513300, '巴塘县');
INSERT INTO `county` VALUES (513336, 513300, '乡城县');
INSERT INTO `county` VALUES (513337, 513300, '稻城县');
INSERT INTO `county` VALUES (513338, 513300, '得荣县');
INSERT INTO `county` VALUES (513401, 513400, '西昌市');
INSERT INTO `county` VALUES (513422, 513400, '木里藏族自治县');
INSERT INTO `county` VALUES (513423, 513400, '盐源县');
INSERT INTO `county` VALUES (513424, 513400, '德昌县');
INSERT INTO `county` VALUES (513425, 513400, '会理县');
INSERT INTO `county` VALUES (513426, 513400, '会东县');
INSERT INTO `county` VALUES (513427, 513400, '宁南县');
INSERT INTO `county` VALUES (513428, 513400, '普格县');
INSERT INTO `county` VALUES (513429, 513400, '布拖县');
INSERT INTO `county` VALUES (513430, 513400, '金阳县');
INSERT INTO `county` VALUES (513431, 513400, '昭觉县');
INSERT INTO `county` VALUES (513432, 513400, '喜德县');
INSERT INTO `county` VALUES (513433, 513400, '冕宁县');
INSERT INTO `county` VALUES (513434, 513400, '越西县');
INSERT INTO `county` VALUES (513435, 513400, '甘洛县');
INSERT INTO `county` VALUES (513436, 513400, '美姑县');
INSERT INTO `county` VALUES (513437, 513400, '雷波县');
INSERT INTO `county` VALUES (520102, 520100, '南明区');
INSERT INTO `county` VALUES (520103, 520100, '云岩区');
INSERT INTO `county` VALUES (520111, 520100, '花溪区');
INSERT INTO `county` VALUES (520112, 520100, '乌当区');
INSERT INTO `county` VALUES (520113, 520100, '白云区');
INSERT INTO `county` VALUES (520115, 520100, '观山湖区');
INSERT INTO `county` VALUES (520121, 520100, '开阳县');
INSERT INTO `county` VALUES (520122, 520100, '息烽县');
INSERT INTO `county` VALUES (520123, 520100, '修文县');
INSERT INTO `county` VALUES (520181, 520100, '清镇市');
INSERT INTO `county` VALUES (520201, 520200, '钟山区');
INSERT INTO `county` VALUES (520203, 520200, '六枝特区');
INSERT INTO `county` VALUES (520221, 520200, '水城县');
INSERT INTO `county` VALUES (520222, 520200, '盘县');
INSERT INTO `county` VALUES (520302, 520300, '红花岗区');
INSERT INTO `county` VALUES (520303, 520300, '汇川区');
INSERT INTO `county` VALUES (520321, 520300, '遵义县');
INSERT INTO `county` VALUES (520322, 520300, '桐梓县');
INSERT INTO `county` VALUES (520323, 520300, '绥阳县');
INSERT INTO `county` VALUES (520324, 520300, '正安县');
INSERT INTO `county` VALUES (520325, 520300, '道真仡佬族苗族自治县');
INSERT INTO `county` VALUES (520326, 520300, '务川仡佬族苗族自治县');
INSERT INTO `county` VALUES (520327, 520300, '凤冈县');
INSERT INTO `county` VALUES (520328, 520300, '湄潭县');
INSERT INTO `county` VALUES (520329, 520300, '余庆县');
INSERT INTO `county` VALUES (520330, 520300, '习水县');
INSERT INTO `county` VALUES (520381, 520300, '赤水市');
INSERT INTO `county` VALUES (520382, 520300, '仁怀市');
INSERT INTO `county` VALUES (520402, 520400, '西秀区');
INSERT INTO `county` VALUES (520403, 520400, '平坝区');
INSERT INTO `county` VALUES (520422, 520400, '普定县');
INSERT INTO `county` VALUES (520423, 520400, '镇宁布依族苗族自治县');
INSERT INTO `county` VALUES (520424, 520400, '关岭布依族苗族自治县');
INSERT INTO `county` VALUES (520425, 520400, '紫云苗族布依族自治县');
INSERT INTO `county` VALUES (520502, 520500, '七星关区');
INSERT INTO `county` VALUES (520521, 520500, '大方县');
INSERT INTO `county` VALUES (520522, 520500, '黔西县');
INSERT INTO `county` VALUES (520523, 520500, '金沙县');
INSERT INTO `county` VALUES (520524, 520500, '织金县');
INSERT INTO `county` VALUES (520525, 520500, '纳雍县');
INSERT INTO `county` VALUES (520526, 520500, '威宁彝族回族苗族自治县');
INSERT INTO `county` VALUES (520527, 520500, '赫章县');
INSERT INTO `county` VALUES (520602, 520600, '碧江区');
INSERT INTO `county` VALUES (520603, 520600, '万山区');
INSERT INTO `county` VALUES (520621, 520600, '江口县');
INSERT INTO `county` VALUES (520622, 520600, '玉屏侗族自治县');
INSERT INTO `county` VALUES (520623, 520600, '石阡县');
INSERT INTO `county` VALUES (520624, 520600, '思南县');
INSERT INTO `county` VALUES (520625, 520600, '印江土家族苗族自治县');
INSERT INTO `county` VALUES (520626, 520600, '德江县');
INSERT INTO `county` VALUES (520627, 520600, '沿河土家族自治县');
INSERT INTO `county` VALUES (520628, 520600, '松桃苗族自治县');
INSERT INTO `county` VALUES (522301, 522300, '兴义市');
INSERT INTO `county` VALUES (522322, 522300, '兴仁县');
INSERT INTO `county` VALUES (522323, 522300, '普安县');
INSERT INTO `county` VALUES (522324, 522300, '晴隆县');
INSERT INTO `county` VALUES (522325, 522300, '贞丰县');
INSERT INTO `county` VALUES (522326, 522300, '望谟县');
INSERT INTO `county` VALUES (522327, 522300, '册亨县');
INSERT INTO `county` VALUES (522328, 522300, '安龙县');
INSERT INTO `county` VALUES (522601, 522600, '凯里市');
INSERT INTO `county` VALUES (522622, 522600, '黄平县');
INSERT INTO `county` VALUES (522623, 522600, '施秉县');
INSERT INTO `county` VALUES (522624, 522600, '三穗县');
INSERT INTO `county` VALUES (522625, 522600, '镇远县');
INSERT INTO `county` VALUES (522626, 522600, '岑巩县');
INSERT INTO `county` VALUES (522627, 522600, '天柱县');
INSERT INTO `county` VALUES (522628, 522600, '锦屏县');
INSERT INTO `county` VALUES (522629, 522600, '剑河县');
INSERT INTO `county` VALUES (522630, 522600, '台江县');
INSERT INTO `county` VALUES (522631, 522600, '黎平县');
INSERT INTO `county` VALUES (522632, 522600, '榕江县');
INSERT INTO `county` VALUES (522633, 522600, '从江县');
INSERT INTO `county` VALUES (522634, 522600, '雷山县');
INSERT INTO `county` VALUES (522635, 522600, '麻江县');
INSERT INTO `county` VALUES (522636, 522600, '丹寨县');
INSERT INTO `county` VALUES (522701, 522700, '都匀市');
INSERT INTO `county` VALUES (522702, 522700, '福泉市');
INSERT INTO `county` VALUES (522722, 522700, '荔波县');
INSERT INTO `county` VALUES (522723, 522700, '贵定县');
INSERT INTO `county` VALUES (522725, 522700, '瓮安县');
INSERT INTO `county` VALUES (522726, 522700, '独山县');
INSERT INTO `county` VALUES (522727, 522700, '平塘县');
INSERT INTO `county` VALUES (522728, 522700, '罗甸县');
INSERT INTO `county` VALUES (522729, 522700, '长顺县');
INSERT INTO `county` VALUES (522730, 522700, '龙里县');
INSERT INTO `county` VALUES (522731, 522700, '惠水县');
INSERT INTO `county` VALUES (522732, 522700, '三都水族自治县');
INSERT INTO `county` VALUES (530102, 530100, '五华区');
INSERT INTO `county` VALUES (530103, 530100, '盘龙区');
INSERT INTO `county` VALUES (530111, 530100, '官渡区');
INSERT INTO `county` VALUES (530112, 530100, '西山区');
INSERT INTO `county` VALUES (530113, 530100, '东川区');
INSERT INTO `county` VALUES (530114, 530100, '呈贡区');
INSERT INTO `county` VALUES (530122, 530100, '晋宁县');
INSERT INTO `county` VALUES (530124, 530100, '富民县');
INSERT INTO `county` VALUES (530125, 530100, '宜良县');
INSERT INTO `county` VALUES (530126, 530100, '石林彝族自治县');
INSERT INTO `county` VALUES (530127, 530100, '嵩明县');
INSERT INTO `county` VALUES (530128, 530100, '禄劝彝族苗族自治县');
INSERT INTO `county` VALUES (530129, 530100, '寻甸回族彝族自治县');
INSERT INTO `county` VALUES (530181, 530100, '安宁市');
INSERT INTO `county` VALUES (530302, 530300, '麒麟区');
INSERT INTO `county` VALUES (530321, 530300, '马龙县');
INSERT INTO `county` VALUES (530322, 530300, '陆良县');
INSERT INTO `county` VALUES (530323, 530300, '师宗县');
INSERT INTO `county` VALUES (530324, 530300, '罗平县');
INSERT INTO `county` VALUES (530325, 530300, '富源县');
INSERT INTO `county` VALUES (530326, 530300, '会泽县');
INSERT INTO `county` VALUES (530328, 530300, '沾益县');
INSERT INTO `county` VALUES (530381, 530300, '宣威市');
INSERT INTO `county` VALUES (530402, 530400, '红塔区');
INSERT INTO `county` VALUES (530403, 530400, '江川区');
INSERT INTO `county` VALUES (530422, 530400, '澄江县');
INSERT INTO `county` VALUES (530423, 530400, '通海县');
INSERT INTO `county` VALUES (530424, 530400, '华宁县');
INSERT INTO `county` VALUES (530425, 530400, '易门县');
INSERT INTO `county` VALUES (530426, 530400, '峨山彝族自治县');
INSERT INTO `county` VALUES (530427, 530400, '新平彝族傣族自治县');
INSERT INTO `county` VALUES (530428, 530400, '元江哈尼族彝族傣族自治县');
INSERT INTO `county` VALUES (530502, 530500, '隆阳区');
INSERT INTO `county` VALUES (530521, 530500, '施甸县');
INSERT INTO `county` VALUES (530523, 530500, '龙陵县');
INSERT INTO `county` VALUES (530524, 530500, '昌宁县');
INSERT INTO `county` VALUES (530581, 530500, '腾冲市');
INSERT INTO `county` VALUES (530602, 530600, '昭阳区');
INSERT INTO `county` VALUES (530621, 530600, '鲁甸县');
INSERT INTO `county` VALUES (530622, 530600, '巧家县');
INSERT INTO `county` VALUES (530623, 530600, '盐津县');
INSERT INTO `county` VALUES (530624, 530600, '大关县');
INSERT INTO `county` VALUES (530625, 530600, '永善县');
INSERT INTO `county` VALUES (530626, 530600, '绥江县');
INSERT INTO `county` VALUES (530627, 530600, '镇雄县');
INSERT INTO `county` VALUES (530628, 530600, '彝良县');
INSERT INTO `county` VALUES (530629, 530600, '威信县');
INSERT INTO `county` VALUES (530630, 530600, '水富县');
INSERT INTO `county` VALUES (530702, 530700, '古城区');
INSERT INTO `county` VALUES (530721, 530700, '玉龙纳西族自治县');
INSERT INTO `county` VALUES (530722, 530700, '永胜县');
INSERT INTO `county` VALUES (530723, 530700, '华坪县');
INSERT INTO `county` VALUES (530724, 530700, '宁蒗彝族自治县');
INSERT INTO `county` VALUES (530802, 530800, '思茅区');
INSERT INTO `county` VALUES (530821, 530800, '宁洱哈尼族彝族自治县');
INSERT INTO `county` VALUES (530822, 530800, '墨江哈尼族自治县');
INSERT INTO `county` VALUES (530823, 530800, '景东彝族自治县');
INSERT INTO `county` VALUES (530824, 530800, '景谷傣族彝族自治县');
INSERT INTO `county` VALUES (530825, 530800, '镇沅彝族哈尼族拉祜族自治县');
INSERT INTO `county` VALUES (530826, 530800, '江城哈尼族彝族自治县');
INSERT INTO `county` VALUES (530827, 530800, '孟连傣族拉祜族佤族自治县');
INSERT INTO `county` VALUES (530828, 530800, '澜沧拉祜族自治县');
INSERT INTO `county` VALUES (530829, 530800, '西盟佤族自治县');
INSERT INTO `county` VALUES (530902, 530900, '临翔区');
INSERT INTO `county` VALUES (530921, 530900, '凤庆县');
INSERT INTO `county` VALUES (530922, 530900, '云县');
INSERT INTO `county` VALUES (530923, 530900, '永德县');
INSERT INTO `county` VALUES (530924, 530900, '镇康县');
INSERT INTO `county` VALUES (530925, 530900, '双江拉祜族佤族布朗族傣族自治县');
INSERT INTO `county` VALUES (530926, 530900, '耿马傣族佤族自治县');
INSERT INTO `county` VALUES (530927, 530900, '沧源佤族自治县');
INSERT INTO `county` VALUES (532301, 532300, '楚雄市');
INSERT INTO `county` VALUES (532322, 532300, '双柏县');
INSERT INTO `county` VALUES (532323, 532300, '牟定县');
INSERT INTO `county` VALUES (532324, 532300, '南华县');
INSERT INTO `county` VALUES (532325, 532300, '姚安县');
INSERT INTO `county` VALUES (532326, 532300, '大姚县');
INSERT INTO `county` VALUES (532327, 532300, '永仁县');
INSERT INTO `county` VALUES (532328, 532300, '元谋县');
INSERT INTO `county` VALUES (532329, 532300, '武定县');
INSERT INTO `county` VALUES (532331, 532300, '禄丰县');
INSERT INTO `county` VALUES (532501, 532500, '个旧市');
INSERT INTO `county` VALUES (532502, 532500, '开远市');
INSERT INTO `county` VALUES (532503, 532500, '蒙自市');
INSERT INTO `county` VALUES (532504, 532500, '弥勒市');
INSERT INTO `county` VALUES (532523, 532500, '屏边苗族自治县');
INSERT INTO `county` VALUES (532524, 532500, '建水县');
INSERT INTO `county` VALUES (532525, 532500, '石屏县');
INSERT INTO `county` VALUES (532527, 532500, '泸西县');
INSERT INTO `county` VALUES (532528, 532500, '元阳县');
INSERT INTO `county` VALUES (532529, 532500, '红河县');
INSERT INTO `county` VALUES (532530, 532500, '金平苗族瑶族傣族自治县');
INSERT INTO `county` VALUES (532531, 532500, '绿春县');
INSERT INTO `county` VALUES (532532, 532500, '河口瑶族自治县');
INSERT INTO `county` VALUES (532601, 532600, '文山市');
INSERT INTO `county` VALUES (532622, 532600, '砚山县');
INSERT INTO `county` VALUES (532623, 532600, '西畴县');
INSERT INTO `county` VALUES (532624, 532600, '麻栗坡县');
INSERT INTO `county` VALUES (532625, 532600, '马关县');
INSERT INTO `county` VALUES (532626, 532600, '丘北县');
INSERT INTO `county` VALUES (532627, 532600, '广南县');
INSERT INTO `county` VALUES (532628, 532600, '富宁县');
INSERT INTO `county` VALUES (532801, 532800, '景洪市');
INSERT INTO `county` VALUES (532822, 532800, '勐海县');
INSERT INTO `county` VALUES (532823, 532800, '勐腊县');
INSERT INTO `county` VALUES (532901, 532900, '大理市');
INSERT INTO `county` VALUES (532922, 532900, '漾濞彝族自治县');
INSERT INTO `county` VALUES (532923, 532900, '祥云县');
INSERT INTO `county` VALUES (532924, 532900, '宾川县');
INSERT INTO `county` VALUES (532925, 532900, '弥渡县');
INSERT INTO `county` VALUES (532926, 532900, '南涧彝族自治县');
INSERT INTO `county` VALUES (532927, 532900, '巍山彝族回族自治县');
INSERT INTO `county` VALUES (532928, 532900, '永平县');
INSERT INTO `county` VALUES (532929, 532900, '云龙县');
INSERT INTO `county` VALUES (532930, 532900, '洱源县');
INSERT INTO `county` VALUES (532931, 532900, '剑川县');
INSERT INTO `county` VALUES (532932, 532900, '鹤庆县');
INSERT INTO `county` VALUES (533102, 533100, '瑞丽市');
INSERT INTO `county` VALUES (533103, 533100, '芒市');
INSERT INTO `county` VALUES (533122, 533100, '梁河县');
INSERT INTO `county` VALUES (533123, 533100, '盈江县');
INSERT INTO `county` VALUES (533124, 533100, '陇川县');
INSERT INTO `county` VALUES (533321, 533300, '泸水县');
INSERT INTO `county` VALUES (533323, 533300, '福贡县');
INSERT INTO `county` VALUES (533324, 533300, '贡山独龙族怒族自治县');
INSERT INTO `county` VALUES (533325, 533300, '兰坪白族普米族自治县');
INSERT INTO `county` VALUES (533401, 533400, '香格里拉市');
INSERT INTO `county` VALUES (533422, 533400, '德钦县');
INSERT INTO `county` VALUES (533423, 533400, '维西傈僳族自治县');
INSERT INTO `county` VALUES (540102, 540100, '城关区');
INSERT INTO `county` VALUES (540103, 540100, '堆龙德庆区');
INSERT INTO `county` VALUES (540121, 540100, '林周县');
INSERT INTO `county` VALUES (540122, 540100, '当雄县');
INSERT INTO `county` VALUES (540123, 540100, '尼木县');
INSERT INTO `county` VALUES (540124, 540100, '曲水县');
INSERT INTO `county` VALUES (540126, 540100, '达孜县');
INSERT INTO `county` VALUES (540127, 540100, '墨竹工卡县');
INSERT INTO `county` VALUES (540202, 540200, '桑珠孜区');
INSERT INTO `county` VALUES (540221, 540200, '南木林县');
INSERT INTO `county` VALUES (540222, 540200, '江孜县');
INSERT INTO `county` VALUES (540223, 540200, '定日县');
INSERT INTO `county` VALUES (540224, 540200, '萨迦县');
INSERT INTO `county` VALUES (540225, 540200, '拉孜县');
INSERT INTO `county` VALUES (540226, 540200, '昂仁县');
INSERT INTO `county` VALUES (540227, 540200, '谢通门县');
INSERT INTO `county` VALUES (540228, 540200, '白朗县');
INSERT INTO `county` VALUES (540229, 540200, '仁布县');
INSERT INTO `county` VALUES (540230, 540200, '康马县');
INSERT INTO `county` VALUES (540231, 540200, '定结县');
INSERT INTO `county` VALUES (540232, 540200, '仲巴县');
INSERT INTO `county` VALUES (540233, 540200, '亚东县');
INSERT INTO `county` VALUES (540234, 540200, '吉隆县');
INSERT INTO `county` VALUES (540235, 540200, '聂拉木县');
INSERT INTO `county` VALUES (540236, 540200, '萨嘎县');
INSERT INTO `county` VALUES (540237, 540200, '岗巴县');
INSERT INTO `county` VALUES (540302, 540300, '卡若区');
INSERT INTO `county` VALUES (540321, 540300, '江达县');
INSERT INTO `county` VALUES (540322, 540300, '贡觉县');
INSERT INTO `county` VALUES (540323, 540300, '类乌齐县');
INSERT INTO `county` VALUES (540324, 540300, '丁青县');
INSERT INTO `county` VALUES (540325, 540300, '察雅县');
INSERT INTO `county` VALUES (540326, 540300, '八宿县');
INSERT INTO `county` VALUES (540327, 540300, '左贡县');
INSERT INTO `county` VALUES (540328, 540300, '芒康县');
INSERT INTO `county` VALUES (540329, 540300, '洛隆县');
INSERT INTO `county` VALUES (540330, 540300, '边坝县');
INSERT INTO `county` VALUES (540402, 540400, '巴宜区');
INSERT INTO `county` VALUES (540421, 540400, '工布江达县');
INSERT INTO `county` VALUES (540422, 540400, '米林县');
INSERT INTO `county` VALUES (540423, 540400, '墨脱县');
INSERT INTO `county` VALUES (540424, 540400, '波密县');
INSERT INTO `county` VALUES (540425, 540400, '察隅县');
INSERT INTO `county` VALUES (540426, 540400, '朗县');
INSERT INTO `county` VALUES (542221, 542200, '乃东县');
INSERT INTO `county` VALUES (542222, 542200, '扎囊县');
INSERT INTO `county` VALUES (542223, 542200, '贡嘎县');
INSERT INTO `county` VALUES (542224, 542200, '桑日县');
INSERT INTO `county` VALUES (542225, 542200, '琼结县');
INSERT INTO `county` VALUES (542226, 542200, '曲松县');
INSERT INTO `county` VALUES (542227, 542200, '措美县');
INSERT INTO `county` VALUES (542228, 542200, '洛扎县');
INSERT INTO `county` VALUES (542229, 542200, '加查县');
INSERT INTO `county` VALUES (542231, 542200, '隆子县');
INSERT INTO `county` VALUES (542232, 542200, '错那县');
INSERT INTO `county` VALUES (542233, 542200, '浪卡子县');
INSERT INTO `county` VALUES (542421, 542400, '那曲县');
INSERT INTO `county` VALUES (542422, 542400, '嘉黎县');
INSERT INTO `county` VALUES (542423, 542400, '比如县');
INSERT INTO `county` VALUES (542424, 542400, '聂荣县');
INSERT INTO `county` VALUES (542425, 542400, '安多县');
INSERT INTO `county` VALUES (542426, 542400, '申扎县');
INSERT INTO `county` VALUES (542427, 542400, '索县');
INSERT INTO `county` VALUES (542428, 542400, '班戈县');
INSERT INTO `county` VALUES (542429, 542400, '巴青县');
INSERT INTO `county` VALUES (542430, 542400, '尼玛县');
INSERT INTO `county` VALUES (542431, 542400, '双湖县');
INSERT INTO `county` VALUES (542521, 542500, '普兰县');
INSERT INTO `county` VALUES (542522, 542500, '札达县');
INSERT INTO `county` VALUES (542523, 542500, '噶尔县');
INSERT INTO `county` VALUES (542524, 542500, '日土县');
INSERT INTO `county` VALUES (542525, 542500, '革吉县');
INSERT INTO `county` VALUES (542526, 542500, '改则县');
INSERT INTO `county` VALUES (542527, 542500, '措勤县');
INSERT INTO `county` VALUES (610102, 610100, '新城区');
INSERT INTO `county` VALUES (610103, 610100, '碑林区');
INSERT INTO `county` VALUES (610104, 610100, '莲湖区');
INSERT INTO `county` VALUES (610111, 610100, '灞桥区');
INSERT INTO `county` VALUES (610112, 610100, '未央区');
INSERT INTO `county` VALUES (610113, 610100, '雁塔区');
INSERT INTO `county` VALUES (610114, 610100, '阎良区');
INSERT INTO `county` VALUES (610115, 610100, '临潼区');
INSERT INTO `county` VALUES (610116, 610100, '长安区');
INSERT INTO `county` VALUES (610117, 610100, '高陵区');
INSERT INTO `county` VALUES (610122, 610100, '蓝田县');
INSERT INTO `county` VALUES (610124, 610100, '周至县');
INSERT INTO `county` VALUES (610125, 610100, '户县');
INSERT INTO `county` VALUES (610202, 610200, '王益区');
INSERT INTO `county` VALUES (610203, 610200, '印台区');
INSERT INTO `county` VALUES (610204, 610200, '耀州区');
INSERT INTO `county` VALUES (610222, 610200, '宜君县');
INSERT INTO `county` VALUES (610302, 610300, '渭滨区');
INSERT INTO `county` VALUES (610303, 610300, '金台区');
INSERT INTO `county` VALUES (610304, 610300, '陈仓区');
INSERT INTO `county` VALUES (610322, 610300, '凤翔县');
INSERT INTO `county` VALUES (610323, 610300, '岐山县');
INSERT INTO `county` VALUES (610324, 610300, '扶风县');
INSERT INTO `county` VALUES (610326, 610300, '眉县');
INSERT INTO `county` VALUES (610327, 610300, '陇县');
INSERT INTO `county` VALUES (610328, 610300, '千阳县');
INSERT INTO `county` VALUES (610329, 610300, '麟游县');
INSERT INTO `county` VALUES (610330, 610300, '凤县');
INSERT INTO `county` VALUES (610331, 610300, '太白县');
INSERT INTO `county` VALUES (610402, 610400, '秦都区');
INSERT INTO `county` VALUES (610403, 610400, '杨陵区');
INSERT INTO `county` VALUES (610404, 610400, '渭城区');
INSERT INTO `county` VALUES (610422, 610400, '三原县');
INSERT INTO `county` VALUES (610423, 610400, '泾阳县');
INSERT INTO `county` VALUES (610424, 610400, '乾县');
INSERT INTO `county` VALUES (610425, 610400, '礼泉县');
INSERT INTO `county` VALUES (610426, 610400, '永寿县');
INSERT INTO `county` VALUES (610427, 610400, '彬县');
INSERT INTO `county` VALUES (610428, 610400, '长武县');
INSERT INTO `county` VALUES (610429, 610400, '旬邑县');
INSERT INTO `county` VALUES (610430, 610400, '淳化县');
INSERT INTO `county` VALUES (610431, 610400, '武功县');
INSERT INTO `county` VALUES (610481, 610400, '兴平市');
INSERT INTO `county` VALUES (610502, 610500, '临渭区');
INSERT INTO `county` VALUES (610503, 610500, '华州区');
INSERT INTO `county` VALUES (610522, 610500, '潼关县');
INSERT INTO `county` VALUES (610523, 610500, '大荔县');
INSERT INTO `county` VALUES (610524, 610500, '合阳县');
INSERT INTO `county` VALUES (610525, 610500, '澄城县');
INSERT INTO `county` VALUES (610526, 610500, '蒲城县');
INSERT INTO `county` VALUES (610527, 610500, '白水县');
INSERT INTO `county` VALUES (610528, 610500, '富平县');
INSERT INTO `county` VALUES (610581, 610500, '韩城市');
INSERT INTO `county` VALUES (610582, 610500, '华阴市');
INSERT INTO `county` VALUES (610602, 610600, '宝塔区');
INSERT INTO `county` VALUES (610621, 610600, '延长县');
INSERT INTO `county` VALUES (610622, 610600, '延川县');
INSERT INTO `county` VALUES (610623, 610600, '子长县');
INSERT INTO `county` VALUES (610624, 610600, '安塞县');
INSERT INTO `county` VALUES (610625, 610600, '志丹县');
INSERT INTO `county` VALUES (610626, 610600, '吴起县');
INSERT INTO `county` VALUES (610627, 610600, '甘泉县');
INSERT INTO `county` VALUES (610628, 610600, '富县');
INSERT INTO `county` VALUES (610629, 610600, '洛川县');
INSERT INTO `county` VALUES (610630, 610600, '宜川县');
INSERT INTO `county` VALUES (610631, 610600, '黄龙县');
INSERT INTO `county` VALUES (610632, 610600, '黄陵县');
INSERT INTO `county` VALUES (610702, 610700, '汉台区');
INSERT INTO `county` VALUES (610721, 610700, '南郑县');
INSERT INTO `county` VALUES (610722, 610700, '城固县');
INSERT INTO `county` VALUES (610723, 610700, '洋县');
INSERT INTO `county` VALUES (610724, 610700, '西乡县');
INSERT INTO `county` VALUES (610725, 610700, '勉县');
INSERT INTO `county` VALUES (610726, 610700, '宁强县');
INSERT INTO `county` VALUES (610727, 610700, '略阳县');
INSERT INTO `county` VALUES (610728, 610700, '镇巴县');
INSERT INTO `county` VALUES (610729, 610700, '留坝县');
INSERT INTO `county` VALUES (610730, 610700, '佛坪县');
INSERT INTO `county` VALUES (610802, 610800, '榆阳区');
INSERT INTO `county` VALUES (610803, 610800, '横山区');
INSERT INTO `county` VALUES (610821, 610800, '神木县');
INSERT INTO `county` VALUES (610822, 610800, '府谷县');
INSERT INTO `county` VALUES (610824, 610800, '靖边县');
INSERT INTO `county` VALUES (610825, 610800, '定边县');
INSERT INTO `county` VALUES (610826, 610800, '绥德县');
INSERT INTO `county` VALUES (610827, 610800, '米脂县');
INSERT INTO `county` VALUES (610828, 610800, '佳县');
INSERT INTO `county` VALUES (610829, 610800, '吴堡县');
INSERT INTO `county` VALUES (610830, 610800, '清涧县');
INSERT INTO `county` VALUES (610831, 610800, '子洲县');
INSERT INTO `county` VALUES (610902, 610900, '汉滨区');
INSERT INTO `county` VALUES (610921, 610900, '汉阴县');
INSERT INTO `county` VALUES (610922, 610900, '石泉县');
INSERT INTO `county` VALUES (610923, 610900, '宁陕县');
INSERT INTO `county` VALUES (610924, 610900, '紫阳县');
INSERT INTO `county` VALUES (610925, 610900, '岚皋县');
INSERT INTO `county` VALUES (610926, 610900, '平利县');
INSERT INTO `county` VALUES (610927, 610900, '镇坪县');
INSERT INTO `county` VALUES (610928, 610900, '旬阳县');
INSERT INTO `county` VALUES (610929, 610900, '白河县');
INSERT INTO `county` VALUES (611002, 611000, '商州区');
INSERT INTO `county` VALUES (611021, 611000, '洛南县');
INSERT INTO `county` VALUES (611022, 611000, '丹凤县');
INSERT INTO `county` VALUES (611023, 611000, '商南县');
INSERT INTO `county` VALUES (611024, 611000, '山阳县');
INSERT INTO `county` VALUES (611025, 611000, '镇安县');
INSERT INTO `county` VALUES (611026, 611000, '柞水县');
INSERT INTO `county` VALUES (620102, 620100, '城关区');
INSERT INTO `county` VALUES (620103, 620100, '七里河区');
INSERT INTO `county` VALUES (620104, 620100, '西固区');
INSERT INTO `county` VALUES (620105, 620100, '安宁区');
INSERT INTO `county` VALUES (620111, 620100, '红古区');
INSERT INTO `county` VALUES (620121, 620100, '永登县');
INSERT INTO `county` VALUES (620122, 620100, '皋兰县');
INSERT INTO `county` VALUES (620123, 620100, '榆中县');
INSERT INTO `county` VALUES (620302, 620300, '金川区');
INSERT INTO `county` VALUES (620321, 620300, '永昌县');
INSERT INTO `county` VALUES (620402, 620400, '白银区');
INSERT INTO `county` VALUES (620403, 620400, '平川区');
INSERT INTO `county` VALUES (620421, 620400, '靖远县');
INSERT INTO `county` VALUES (620422, 620400, '会宁县');
INSERT INTO `county` VALUES (620423, 620400, '景泰县');
INSERT INTO `county` VALUES (620502, 620500, '秦州区');
INSERT INTO `county` VALUES (620503, 620500, '麦积区');
INSERT INTO `county` VALUES (620521, 620500, '清水县');
INSERT INTO `county` VALUES (620522, 620500, '秦安县');
INSERT INTO `county` VALUES (620523, 620500, '甘谷县');
INSERT INTO `county` VALUES (620524, 620500, '武山县');
INSERT INTO `county` VALUES (620525, 620500, '张家川回族自治县');
INSERT INTO `county` VALUES (620602, 620600, '凉州区');
INSERT INTO `county` VALUES (620621, 620600, '民勤县');
INSERT INTO `county` VALUES (620622, 620600, '古浪县');
INSERT INTO `county` VALUES (620623, 620600, '天祝藏族自治县');
INSERT INTO `county` VALUES (620702, 620700, '甘州区');
INSERT INTO `county` VALUES (620721, 620700, '肃南裕固族自治县');
INSERT INTO `county` VALUES (620722, 620700, '民乐县');
INSERT INTO `county` VALUES (620723, 620700, '临泽县');
INSERT INTO `county` VALUES (620724, 620700, '高台县');
INSERT INTO `county` VALUES (620725, 620700, '山丹县');
INSERT INTO `county` VALUES (620802, 620800, '崆峒区');
INSERT INTO `county` VALUES (620821, 620800, '泾川县');
INSERT INTO `county` VALUES (620822, 620800, '灵台县');
INSERT INTO `county` VALUES (620823, 620800, '崇信县');
INSERT INTO `county` VALUES (620824, 620800, '华亭县');
INSERT INTO `county` VALUES (620825, 620800, '庄浪县');
INSERT INTO `county` VALUES (620826, 620800, '静宁县');
INSERT INTO `county` VALUES (620902, 620900, '肃州区');
INSERT INTO `county` VALUES (620921, 620900, '金塔县');
INSERT INTO `county` VALUES (620922, 620900, '瓜州县');
INSERT INTO `county` VALUES (620923, 620900, '肃北蒙古族自治县');
INSERT INTO `county` VALUES (620924, 620900, '阿克塞哈萨克族自治县');
INSERT INTO `county` VALUES (620981, 620900, '玉门市');
INSERT INTO `county` VALUES (620982, 620900, '敦煌市');
INSERT INTO `county` VALUES (621002, 621000, '西峰区');
INSERT INTO `county` VALUES (621021, 621000, '庆城县');
INSERT INTO `county` VALUES (621022, 621000, '环县');
INSERT INTO `county` VALUES (621023, 621000, '华池县');
INSERT INTO `county` VALUES (621024, 621000, '合水县');
INSERT INTO `county` VALUES (621025, 621000, '正宁县');
INSERT INTO `county` VALUES (621026, 621000, '宁县');
INSERT INTO `county` VALUES (621027, 621000, '镇原县');
INSERT INTO `county` VALUES (621102, 621100, '安定区');
INSERT INTO `county` VALUES (621121, 621100, '通渭县');
INSERT INTO `county` VALUES (621122, 621100, '陇西县');
INSERT INTO `county` VALUES (621123, 621100, '渭源县');
INSERT INTO `county` VALUES (621124, 621100, '临洮县');
INSERT INTO `county` VALUES (621125, 621100, '漳县');
INSERT INTO `county` VALUES (621126, 621100, '岷县');
INSERT INTO `county` VALUES (621202, 621200, '武都区');
INSERT INTO `county` VALUES (621221, 621200, '成县');
INSERT INTO `county` VALUES (621222, 621200, '文县');
INSERT INTO `county` VALUES (621223, 621200, '宕昌县');
INSERT INTO `county` VALUES (621224, 621200, '康县');
INSERT INTO `county` VALUES (621225, 621200, '西和县');
INSERT INTO `county` VALUES (621226, 621200, '礼县');
INSERT INTO `county` VALUES (621227, 621200, '徽县');
INSERT INTO `county` VALUES (621228, 621200, '两当县');
INSERT INTO `county` VALUES (622901, 622900, '临夏市');
INSERT INTO `county` VALUES (622921, 622900, '临夏县');
INSERT INTO `county` VALUES (622922, 622900, '康乐县');
INSERT INTO `county` VALUES (622923, 622900, '永靖县');
INSERT INTO `county` VALUES (622924, 622900, '广河县');
INSERT INTO `county` VALUES (622925, 622900, '和政县');
INSERT INTO `county` VALUES (622926, 622900, '东乡族自治县');
INSERT INTO `county` VALUES (622927, 622900, '积石山保安族东乡族撒拉族自治县');
INSERT INTO `county` VALUES (623001, 623000, '合作市');
INSERT INTO `county` VALUES (623021, 623000, '临潭县');
INSERT INTO `county` VALUES (623022, 623000, '卓尼县');
INSERT INTO `county` VALUES (623023, 623000, '舟曲县');
INSERT INTO `county` VALUES (623024, 623000, '迭部县');
INSERT INTO `county` VALUES (623025, 623000, '玛曲县');
INSERT INTO `county` VALUES (623026, 623000, '碌曲县');
INSERT INTO `county` VALUES (623027, 623000, '夏河县');
INSERT INTO `county` VALUES (630102, 630100, '城东区');
INSERT INTO `county` VALUES (630103, 630100, '城中区');
INSERT INTO `county` VALUES (630104, 630100, '城西区');
INSERT INTO `county` VALUES (630105, 630100, '城北区');
INSERT INTO `county` VALUES (630121, 630100, '大通回族土族自治县');
INSERT INTO `county` VALUES (630122, 630100, '湟中县');
INSERT INTO `county` VALUES (630123, 630100, '湟源县');
INSERT INTO `county` VALUES (630202, 630200, '乐都区');
INSERT INTO `county` VALUES (630203, 630200, '平安区');
INSERT INTO `county` VALUES (630222, 630200, '民和回族土族自治县');
INSERT INTO `county` VALUES (630223, 630200, '互助土族自治县');
INSERT INTO `county` VALUES (630224, 630200, '化隆回族自治县');
INSERT INTO `county` VALUES (630225, 630200, '循化撒拉族自治县');
INSERT INTO `county` VALUES (632221, 632200, '门源回族自治县');
INSERT INTO `county` VALUES (632222, 632200, '祁连县');
INSERT INTO `county` VALUES (632223, 632200, '海晏县');
INSERT INTO `county` VALUES (632224, 632200, '刚察县');
INSERT INTO `county` VALUES (632321, 632300, '同仁县');
INSERT INTO `county` VALUES (632322, 632300, '尖扎县');
INSERT INTO `county` VALUES (632323, 632300, '泽库县');
INSERT INTO `county` VALUES (632324, 632300, '河南蒙古族自治县');
INSERT INTO `county` VALUES (632521, 632500, '共和县');
INSERT INTO `county` VALUES (632522, 632500, '同德县');
INSERT INTO `county` VALUES (632523, 632500, '贵德县');
INSERT INTO `county` VALUES (632524, 632500, '兴海县');
INSERT INTO `county` VALUES (632525, 632500, '贵南县');
INSERT INTO `county` VALUES (632621, 632600, '玛沁县');
INSERT INTO `county` VALUES (632622, 632600, '班玛县');
INSERT INTO `county` VALUES (632623, 632600, '甘德县');
INSERT INTO `county` VALUES (632624, 632600, '达日县');
INSERT INTO `county` VALUES (632625, 632600, '久治县');
INSERT INTO `county` VALUES (632626, 632600, '玛多县');
INSERT INTO `county` VALUES (632701, 632700, '玉树市');
INSERT INTO `county` VALUES (632722, 632700, '杂多县');
INSERT INTO `county` VALUES (632723, 632700, '称多县');
INSERT INTO `county` VALUES (632724, 632700, '治多县');
INSERT INTO `county` VALUES (632725, 632700, '囊谦县');
INSERT INTO `county` VALUES (632726, 632700, '曲麻莱县');
INSERT INTO `county` VALUES (632801, 632800, '格尔木市');
INSERT INTO `county` VALUES (632802, 632800, '德令哈市');
INSERT INTO `county` VALUES (632821, 632800, '乌兰县');
INSERT INTO `county` VALUES (632822, 632800, '都兰县');
INSERT INTO `county` VALUES (632823, 632800, '天峻县');
INSERT INTO `county` VALUES (632825, 632800, '海西蒙古族藏族自治州直辖');
INSERT INTO `county` VALUES (640104, 640100, '兴庆区');
INSERT INTO `county` VALUES (640105, 640100, '西夏区');
INSERT INTO `county` VALUES (640106, 640100, '金凤区');
INSERT INTO `county` VALUES (640121, 640100, '永宁县');
INSERT INTO `county` VALUES (640122, 640100, '贺兰县');
INSERT INTO `county` VALUES (640181, 640100, '灵武市');
INSERT INTO `county` VALUES (640202, 640200, '大武口区');
INSERT INTO `county` VALUES (640205, 640200, '惠农区');
INSERT INTO `county` VALUES (640221, 640200, '平罗县');
INSERT INTO `county` VALUES (640302, 640300, '利通区');
INSERT INTO `county` VALUES (640303, 640300, '红寺堡区');
INSERT INTO `county` VALUES (640323, 640300, '盐池县');
INSERT INTO `county` VALUES (640324, 640300, '同心县');
INSERT INTO `county` VALUES (640381, 640300, '青铜峡市');
INSERT INTO `county` VALUES (640402, 640400, '原州区');
INSERT INTO `county` VALUES (640422, 640400, '西吉县');
INSERT INTO `county` VALUES (640423, 640400, '隆德县');
INSERT INTO `county` VALUES (640424, 640400, '泾源县');
INSERT INTO `county` VALUES (640425, 640400, '彭阳县');
INSERT INTO `county` VALUES (640502, 640500, '沙坡头区');
INSERT INTO `county` VALUES (640521, 640500, '中宁县');
INSERT INTO `county` VALUES (640522, 640500, '海原县');
INSERT INTO `county` VALUES (650102, 650100, '天山区');
INSERT INTO `county` VALUES (650103, 650100, '沙依巴克区');
INSERT INTO `county` VALUES (650104, 650100, '新市区');
INSERT INTO `county` VALUES (650105, 650100, '水磨沟区');
INSERT INTO `county` VALUES (650106, 650100, '头屯河区');
INSERT INTO `county` VALUES (650107, 650100, '达坂城区');
INSERT INTO `county` VALUES (650109, 650100, '米东区');
INSERT INTO `county` VALUES (650121, 650100, '乌鲁木齐县');
INSERT INTO `county` VALUES (650202, 650200, '独山子区');
INSERT INTO `county` VALUES (650203, 650200, '克拉玛依区');
INSERT INTO `county` VALUES (650204, 650200, '白碱滩区');
INSERT INTO `county` VALUES (650205, 650200, '乌尔禾区');
INSERT INTO `county` VALUES (650402, 650400, '高昌区');
INSERT INTO `county` VALUES (650421, 650400, '鄯善县');
INSERT INTO `county` VALUES (650422, 650400, '托克逊县');
INSERT INTO `county` VALUES (652201, 652200, '哈密市');
INSERT INTO `county` VALUES (652222, 652200, '巴里坤哈萨克自治县');
INSERT INTO `county` VALUES (652223, 652200, '伊吾县');
INSERT INTO `county` VALUES (652301, 652300, '昌吉市');
INSERT INTO `county` VALUES (652302, 652300, '阜康市');
INSERT INTO `county` VALUES (652323, 652300, '呼图壁县');
INSERT INTO `county` VALUES (652324, 652300, '玛纳斯县');
INSERT INTO `county` VALUES (652325, 652300, '奇台县');
INSERT INTO `county` VALUES (652327, 652300, '吉木萨尔县');
INSERT INTO `county` VALUES (652328, 652300, '木垒哈萨克自治县');
INSERT INTO `county` VALUES (652701, 652700, '博乐市');
INSERT INTO `county` VALUES (652702, 652700, '阿拉山口市');
INSERT INTO `county` VALUES (652722, 652700, '精河县');
INSERT INTO `county` VALUES (652723, 652700, '温泉县');
INSERT INTO `county` VALUES (652801, 652800, '库尔勒市');
INSERT INTO `county` VALUES (652822, 652800, '轮台县');
INSERT INTO `county` VALUES (652823, 652800, '尉犁县');
INSERT INTO `county` VALUES (652824, 652800, '若羌县');
INSERT INTO `county` VALUES (652825, 652800, '且末县');
INSERT INTO `county` VALUES (652826, 652800, '焉耆回族自治县');
INSERT INTO `county` VALUES (652827, 652800, '和静县');
INSERT INTO `county` VALUES (652828, 652800, '和硕县');
INSERT INTO `county` VALUES (652829, 652800, '博湖县');
INSERT INTO `county` VALUES (652901, 652900, '阿克苏市');
INSERT INTO `county` VALUES (652922, 652900, '温宿县');
INSERT INTO `county` VALUES (652923, 652900, '库车县');
INSERT INTO `county` VALUES (652924, 652900, '沙雅县');
INSERT INTO `county` VALUES (652925, 652900, '新和县');
INSERT INTO `county` VALUES (652926, 652900, '拜城县');
INSERT INTO `county` VALUES (652927, 652900, '乌什县');
INSERT INTO `county` VALUES (652928, 652900, '阿瓦提县');
INSERT INTO `county` VALUES (652929, 652900, '柯坪县');
INSERT INTO `county` VALUES (653001, 653000, '阿图什市');
INSERT INTO `county` VALUES (653022, 653000, '阿克陶县');
INSERT INTO `county` VALUES (653023, 653000, '阿合奇县');
INSERT INTO `county` VALUES (653024, 653000, '乌恰县');
INSERT INTO `county` VALUES (653101, 653100, '喀什市');
INSERT INTO `county` VALUES (653121, 653100, '疏附县');
INSERT INTO `county` VALUES (653122, 653100, '疏勒县');
INSERT INTO `county` VALUES (653123, 653100, '英吉沙县');
INSERT INTO `county` VALUES (653124, 653100, '泽普县');
INSERT INTO `county` VALUES (653125, 653100, '莎车县');
INSERT INTO `county` VALUES (653126, 653100, '叶城县');
INSERT INTO `county` VALUES (653127, 653100, '麦盖提县');
INSERT INTO `county` VALUES (653128, 653100, '岳普湖县');
INSERT INTO `county` VALUES (653129, 653100, '伽师县');
INSERT INTO `county` VALUES (653130, 653100, '巴楚县');
INSERT INTO `county` VALUES (653131, 653100, '塔什库尔干塔吉克自治县');
INSERT INTO `county` VALUES (653201, 653200, '和田市');
INSERT INTO `county` VALUES (653221, 653200, '和田县');
INSERT INTO `county` VALUES (653222, 653200, '墨玉县');
INSERT INTO `county` VALUES (653223, 653200, '皮山县');
INSERT INTO `county` VALUES (653224, 653200, '洛浦县');
INSERT INTO `county` VALUES (653225, 653200, '策勒县');
INSERT INTO `county` VALUES (653226, 653200, '于田县');
INSERT INTO `county` VALUES (653227, 653200, '民丰县');
INSERT INTO `county` VALUES (654002, 654000, '伊宁市');
INSERT INTO `county` VALUES (654003, 654000, '奎屯市');
INSERT INTO `county` VALUES (654004, 654000, '霍尔果斯市');
INSERT INTO `county` VALUES (654021, 654000, '伊宁县');
INSERT INTO `county` VALUES (654022, 654000, '察布查尔锡伯自治县');
INSERT INTO `county` VALUES (654023, 654000, '霍城县');
INSERT INTO `county` VALUES (654024, 654000, '巩留县');
INSERT INTO `county` VALUES (654025, 654000, '新源县');
INSERT INTO `county` VALUES (654026, 654000, '昭苏县');
INSERT INTO `county` VALUES (654027, 654000, '特克斯县');
INSERT INTO `county` VALUES (654028, 654000, '尼勒克县');
INSERT INTO `county` VALUES (654201, 654200, '塔城市');
INSERT INTO `county` VALUES (654202, 654200, '乌苏市');
INSERT INTO `county` VALUES (654221, 654200, '额敏县');
INSERT INTO `county` VALUES (654223, 654200, '沙湾县');
INSERT INTO `county` VALUES (654224, 654200, '托里县');
INSERT INTO `county` VALUES (654225, 654200, '裕民县');
INSERT INTO `county` VALUES (654226, 654200, '和布克赛尔蒙古自治县');
INSERT INTO `county` VALUES (654301, 654300, '阿勒泰市');
INSERT INTO `county` VALUES (654321, 654300, '布尔津县');
INSERT INTO `county` VALUES (654322, 654300, '富蕴县');
INSERT INTO `county` VALUES (654323, 654300, '福海县');
INSERT INTO `county` VALUES (654324, 654300, '哈巴河县');
INSERT INTO `county` VALUES (654325, 654300, '青河县');
INSERT INTO `county` VALUES (654326, 654300, '吉木乃县');

-- ----------------------------
-- Table structure for customer_manage
-- ----------------------------
DROP TABLE IF EXISTS `customer_manage`;
CREATE TABLE `customer_manage`  (
  `customer_id` bigint(25) NOT NULL AUTO_INCREMENT COMMENT '自增客户id',
  `customer_name` varchar(255) CHARACTER SET utf8 COLLATE utf8_bin NULL DEFAULT NULL COMMENT '客户名称',
  `customer_address_p` varchar(255) CHARACTER SET utf8 COLLATE utf8_bin NULL DEFAULT NULL COMMENT '客户地址（省）',
  `customer_address_c` varchar(255) CHARACTER SET utf8 COLLATE utf8_bin NULL DEFAULT NULL COMMENT '客户地址（市）',
  `contact` varchar(255) CHARACTER SET utf8 COLLATE utf8_bin NULL DEFAULT NULL COMMENT '联系人',
  `contact_information` varchar(255) CHARACTER SET utf8 COLLATE utf8_bin NULL DEFAULT NULL COMMENT '联系方式',
  `responsible_person` int(25) NULL DEFAULT NULL COMMENT '负责人',
  `customer_property` int(1) NULL DEFAULT NULL COMMENT '客户属性',
  `create_time` datetime(0) NULL DEFAULT NULL COMMENT '创建日期',
  PRIMARY KEY (`customer_id`) USING BTREE
) ENGINE = InnoDB AUTO_INCREMENT = 1 CHARACTER SET = utf8 COLLATE = utf8_bin COMMENT = '客户管理表' ROW_FORMAT = Dynamic;

-- ----------------------------
-- Table structure for customer_sys
-- ----------------------------
DROP TABLE IF EXISTS `customer_sys`;
CREATE TABLE `customer_sys`  (
  `cs_id` int(5) NOT NULL AUTO_INCREMENT COMMENT '客户-系统id',
  `customer_id` int(5) NULL DEFAULT NULL COMMENT '客户id',
  `plat_id` int(5) NULL DEFAULT NULL COMMENT '平台id',
  `sys_id` int(5) NULL DEFAULT NULL COMMENT '系统id',
  `create_time` datetime(0) NULL DEFAULT NULL COMMENT '创建日期',
  `trainer` varchar(255) CHARACTER SET utf8 COLLATE utf8_bin NULL DEFAULT NULL COMMENT '培训人',
  `trainer_time` datetime(0) NULL DEFAULT NULL COMMENT '培训时间',
  `trainer_mode` varchar(255) CHARACTER SET utf8 COLLATE utf8_bin NULL DEFAULT NULL COMMENT '培训方式',
  `sys_url` varchar(255) CHARACTER SET utf8 COLLATE utf8_bin NULL DEFAULT NULL COMMENT '系统地址',
  `remark` text CHARACTER SET utf8 COLLATE utf8_bin NULL COMMENT '备注',
  `is_deleted` int(1) NULL DEFAULT NULL COMMENT '删除标识',
  `state` int(1) NULL DEFAULT NULL COMMENT '状态',
  `create_person` bigint(25) NULL DEFAULT NULL COMMENT '创建人',
  `update_reason` text CHARACTER SET utf8 COLLATE utf8_bin NULL COMMENT '修改人',
  PRIMARY KEY (`cs_id`) USING BTREE
) ENGINE = InnoDB AUTO_INCREMENT = 1 CHARACTER SET = utf8 COLLATE = utf8_bin COMMENT = '客户-系统表' ROW_FORMAT = Dynamic;

-- ----------------------------
-- Table structure for data_perm
-- ----------------------------
DROP TABLE IF EXISTS `data_perm`;
CREATE TABLE `data_perm`  (
  `data_perms_id` bigint(20) NOT NULL AUTO_INCREMENT,
  `user_id` bigint(20) NULL DEFAULT NULL COMMENT '用户id',
  `perms_user_id` bigint(20) NULL DEFAULT NULL COMMENT '关联拥有的数据权限用户id',
  PRIMARY KEY (`data_perms_id`) USING BTREE
) ENGINE = InnoDB AUTO_INCREMENT = 3 CHARACTER SET = utf8 COLLATE = utf8_bin ROW_FORMAT = Dynamic;

-- ----------------------------
-- Records of data_perm
-- ----------------------------
INSERT INTO `data_perm` VALUES (2, 1, 1);

-- ----------------------------
-- Table structure for district
-- ----------------------------
DROP TABLE IF EXISTS `district`;
CREATE TABLE `district`  (
  `dist_id` bigint(20) NOT NULL AUTO_INCREMENT COMMENT '区域id',
  `dist_name` varchar(30) CHARACTER SET utf8 COLLATE utf8_bin NULL DEFAULT NULL COMMENT '片区名称',
  `dist_des` varchar(255) CHARACTER SET utf8 COLLATE utf8_bin NULL DEFAULT NULL COMMENT '片区描述',
  `principal_id` bigint(20) NULL DEFAULT NULL COMMENT '片区负责人',
  `prefecture` varchar(255) CHARACTER SET utf8 COLLATE utf8_bin NULL DEFAULT NULL COMMENT '辖区',
  PRIMARY KEY (`dist_id`) USING BTREE
) ENGINE = InnoDB AUTO_INCREMENT = 1 CHARACTER SET = utf8 COLLATE = utf8_bin ROW_FORMAT = Dynamic;

-- ----------------------------
-- Table structure for duty_order
-- ----------------------------
DROP TABLE IF EXISTS `duty_order`;
CREATE TABLE `duty_order`  (
  `id` int(255) NOT NULL,
  `name_order` varchar(9999) CHARACTER SET utf8 COLLATE utf8_general_ci NOT NULL,
  `duty_number` int(255) NOT NULL,
  `duty_type_id` int(255) NOT NULL,
  `flag` int(255) NOT NULL,
  PRIMARY KEY (`id`) USING BTREE
) ENGINE = InnoDB CHARACTER SET = utf8 COLLATE = utf8_bin ROW_FORMAT = Dynamic;

-- ----------------------------
-- Table structure for duty_record
-- ----------------------------
DROP TABLE IF EXISTS `duty_record`;
CREATE TABLE `duty_record`  (
  `id` int(255) NOT NULL AUTO_INCREMENT,
  `duty_emp_id` bigint(255) NOT NULL,
  `duty_type_id` int(255) NOT NULL,
  `startdate` datetime(0) NULL DEFAULT NULL,
  `enddate` datetime(0) NULL DEFAULT NULL,
  PRIMARY KEY (`id`) USING BTREE
) ENGINE = InnoDB AUTO_INCREMENT = 1 CHARACTER SET = utf8 COLLATE = utf8_bin ROW_FORMAT = Dynamic;

-- ----------------------------
-- Table structure for duty_type
-- ----------------------------
DROP TABLE IF EXISTS `duty_type`;
CREATE TABLE `duty_type`  (
  `ID` bigint(100) NOT NULL,
  `TYPE_NAME` varchar(255) CHARACTER SET utf8 COLLATE utf8_bin NOT NULL,
  `DUTY_CIRCLE` varchar(255) CHARACTER SET utf8 COLLATE utf8_bin NULL DEFAULT NULL,
  PRIMARY KEY (`ID`) USING BTREE
) ENGINE = InnoDB CHARACTER SET = utf8 COLLATE = utf8_bin ROW_FORMAT = Dynamic;

-- ----------------------------
-- Table structure for gas_system
-- ----------------------------
DROP TABLE IF EXISTS `gas_system`;
CREATE TABLE `gas_system`  (
  `sys_id` bigint(20) NOT NULL AUTO_INCREMENT COMMENT ' ',
  `sys_name` varchar(30) CHARACTER SET utf8 COLLATE utf8_bin NULL DEFAULT NULL COMMENT '系统名称',
  `gmt_create` datetime(0) NULL DEFAULT NULL COMMENT '创建时间',
  `gmt_modified` datetime(0) NULL DEFAULT NULL COMMENT '更改时间',
  `first_dept_id` bigint(20) NULL DEFAULT NULL COMMENT '一级部门',
  `second_dept_id` bigint(20) NULL DEFAULT NULL COMMENT '二级部门',
  `plat_id` bigint(20) NULL DEFAULT NULL COMMENT '所属平台id',
  `menu_id` bigint(20) NULL DEFAULT NULL COMMENT '对应菜单id',
  `gas_system_use` tinyint(4) NULL DEFAULT NULL,
  PRIMARY KEY (`sys_id`) USING BTREE
) ENGINE = InnoDB AUTO_INCREMENT = 1 CHARACTER SET = utf8 COLLATE = utf8_bin ROW_FORMAT = Dynamic;

-- ----------------------------
-- Table structure for knowledge
-- ----------------------------
DROP TABLE IF EXISTS `knowledge`;
CREATE TABLE `knowledge`  (
  `kl_id` bigint(20) NOT NULL AUTO_INCREMENT COMMENT '知识库id',
  `kl_class_id` bigint(20) NULL DEFAULT NULL,
  `describe` varchar(200) CHARACTER SET utf8 COLLATE utf8_bin NOT NULL COMMENT '知识库描述',
  `content` longtext CHARACTER SET utf8 COLLATE utf8_bin NULL COMMENT '知识库内容',
  `gmt_create` datetime(0) NULL DEFAULT NULL COMMENT '创建时间',
  `gmt_modified` datetime(0) NULL DEFAULT NULL COMMENT '修改时间',
  `sys_id` bigint(20) NOT NULL COMMENT '所属系统',
  `plat_id` bigint(20) NULL DEFAULT NULL COMMENT '所属平台',
  PRIMARY KEY (`kl_id`) USING BTREE
) ENGINE = InnoDB AUTO_INCREMENT = 1 CHARACTER SET = utf8 COLLATE = utf8_bin ROW_FORMAT = Dynamic;

-- ----------------------------
-- Table structure for knowledge_class
-- ----------------------------
DROP TABLE IF EXISTS `knowledge_class`;
CREATE TABLE `knowledge_class`  (
  `kl_class_id` bigint(20) NOT NULL AUTO_INCREMENT,
  `kl_class_name` varchar(200) CHARACTER SET utf8 COLLATE utf8_bin NULL DEFAULT NULL,
  `creater` bigint(20) NULL DEFAULT NULL,
  `create_time` datetime(0) NULL DEFAULT NULL,
  `remark` varchar(255) CHARACTER SET utf8 COLLATE utf8_bin NULL DEFAULT NULL,
  `plat_id` bigint(20) NULL DEFAULT NULL,
  PRIMARY KEY (`kl_class_id`) USING BTREE
) ENGINE = InnoDB AUTO_INCREMENT = 1 CHARACTER SET = utf8 COLLATE = utf8_bin ROW_FORMAT = Dynamic;

-- ----------------------------
-- Table structure for login_log
-- ----------------------------
DROP TABLE IF EXISTS `login_log`;
CREATE TABLE `login_log`  (
  `login_id` bigint(20) NOT NULL AUTO_INCREMENT,
  `user_id` bigint(20) NULL DEFAULT NULL COMMENT '用户id',
  `login_time` datetime(0) NULL DEFAULT NULL COMMENT '登陆时间',
  `logout_time` datetime(0) NULL DEFAULT NULL COMMENT '退出时间',
  `login_ip` varchar(30) CHARACTER SET utf8 COLLATE utf8_bin NULL DEFAULT NULL COMMENT 'ip',
  `remark` varchar(255) CHARACTER SET utf8 COLLATE utf8_bin NULL DEFAULT NULL COMMENT '备注',
  PRIMARY KEY (`login_id`) USING BTREE
) ENGINE = InnoDB AUTO_INCREMENT = 1 CHARACTER SET = utf8 COLLATE = utf8_bin ROW_FORMAT = Dynamic;

-- ----------------------------
-- Table structure for platform
-- ----------------------------
DROP TABLE IF EXISTS `platform`;
CREATE TABLE `platform`  (
  `plat_id` bigint(20) NOT NULL AUTO_INCREMENT COMMENT '平台id',
  `plat_des` varchar(30) CHARACTER SET utf8 COLLATE utf8_bin NOT NULL COMMENT '描述',
  `remark` varchar(100) CHARACTER SET utf8 COLLATE utf8_bin NULL DEFAULT NULL COMMENT '备注',
  `menu_id` bigint(20) NULL DEFAULT NULL COMMENT '关联到菜单id',
  `icon` varchar(30) CHARACTER SET utf8 COLLATE utf8_bin NULL DEFAULT NULL COMMENT '图标',
  PRIMARY KEY (`plat_id`) USING BTREE
) ENGINE = InnoDB AUTO_INCREMENT = 35 CHARACTER SET = utf8 COLLATE = utf8_bin ROW_FORMAT = Dynamic;

-- ----------------------------
-- Records of platform
-- ----------------------------
INSERT INTO `platform` VALUES (34, '测试平台', '拥有最高权限', 335, 'fa fa-check-circle-o');

-- ----------------------------
-- Table structure for province
-- ----------------------------
DROP TABLE IF EXISTS `province`;
CREATE TABLE `province`  (
  `province_id` bigint(20) NOT NULL DEFAULT 0 COMMENT '省id',
  `province_name` varchar(50) CHARACTER SET utf8 COLLATE utf8_bin NULL DEFAULT NULL COMMENT '省名称',
  PRIMARY KEY (`province_id`) USING BTREE
) ENGINE = InnoDB CHARACTER SET = utf8 COLLATE = utf8_bin ROW_FORMAT = Dynamic;

-- ----------------------------
-- Records of province
-- ----------------------------
INSERT INTO `province` VALUES (110000, '北京市');
INSERT INTO `province` VALUES (120000, '天津市');
INSERT INTO `province` VALUES (130000, '河北省');
INSERT INTO `province` VALUES (140000, '山西省');
INSERT INTO `province` VALUES (150000, '内蒙古自治区');
INSERT INTO `province` VALUES (210000, '辽宁省');
INSERT INTO `province` VALUES (220000, '吉林省');
INSERT INTO `province` VALUES (230000, '黑龙江省');
INSERT INTO `province` VALUES (310000, '上海市');
INSERT INTO `province` VALUES (320000, '江苏省');
INSERT INTO `province` VALUES (330000, '浙江省');
INSERT INTO `province` VALUES (340000, '安徽省');
INSERT INTO `province` VALUES (350000, '福建省');
INSERT INTO `province` VALUES (360000, '江西省');
INSERT INTO `province` VALUES (370000, '山东省');
INSERT INTO `province` VALUES (410000, '河南省');
INSERT INTO `province` VALUES (420000, '湖北省');
INSERT INTO `province` VALUES (430000, '湖南省');
INSERT INTO `province` VALUES (440000, '广东省');
INSERT INTO `province` VALUES (450000, '广西壮族自治区');
INSERT INTO `province` VALUES (460000, '海南省');
INSERT INTO `province` VALUES (500000, '重庆市');
INSERT INTO `province` VALUES (510000, '四川省');
INSERT INTO `province` VALUES (520000, '贵州省');
INSERT INTO `province` VALUES (530000, '云南省');
INSERT INTO `province` VALUES (540000, '西藏自治区');
INSERT INTO `province` VALUES (610000, '陕西省');
INSERT INTO `province` VALUES (620000, '甘肃省');
INSERT INTO `province` VALUES (630000, '青海省');
INSERT INTO `province` VALUES (640000, '宁夏回族自治区');
INSERT INTO `province` VALUES (650000, '新疆维吾尔自治区');
INSERT INTO `province` VALUES (710000, '台湾省');
INSERT INTO `province` VALUES (810000, '香港特别行政区');
INSERT INTO `province` VALUES (820000, '澳门特别行政区');

-- ----------------------------
-- Table structure for reading
-- ----------------------------
DROP TABLE IF EXISTS `reading`;
CREATE TABLE `reading`  (
  `r_id` bigint(20) NOT NULL AUTO_INCREMENT COMMENT 'id',
  `sys_id` bigint(20) NULL DEFAULT NULL COMMENT '关联到系统id',
  `user_id` bigint(20) NULL DEFAULT NULL COMMENT '关联到用户人id',
  `daily_quantity` decimal(20, 2) NULL DEFAULT NULL COMMENT '用气量',
  `reading_value` decimal(20, 2) NULL DEFAULT NULL COMMENT '抄表率',
  `execute_state` int(2) NULL DEFAULT NULL COMMENT '调价状态',
  `write_time` datetime(0) NULL DEFAULT NULL COMMENT '登记时间',
  `revise_time` datetime(0) NULL DEFAULT NULL ON UPDATE CURRENT_TIMESTAMP(0) COMMENT '修改时间',
  `remarks` varchar(255) CHARACTER SET utf8 COLLATE utf8_bin NULL DEFAULT NULL COMMENT '备注',
  PRIMARY KEY (`r_id`) USING BTREE
) ENGINE = InnoDB AUTO_INCREMENT = 1 CHARACTER SET = utf8 COLLATE = utf8_bin COMMENT = '点检表' ROW_FORMAT = Dynamic;

-- ----------------------------
-- Table structure for record
-- ----------------------------
DROP TABLE IF EXISTS `record`;
CREATE TABLE `record`  (
  `re_id` bigint(25) NOT NULL AUTO_INCREMENT COMMENT '问题登记ID',
  `user_id` bigint(255) NULL DEFAULT NULL,
  `waste_time` bigint(25) NULL DEFAULT NULL COMMENT '耗时',
  `update_time` datetime(0) NULL DEFAULT NULL COMMENT '结束时间',
  `responsible_person` int(255) NULL DEFAULT NULL,
  `pro_type` varchar(25) CHARACTER SET utf8 COLLATE utf8_bin NULL DEFAULT NULL COMMENT '问题类型ID',
  `pro_describe` varchar(255) CHARACTER SET utf8 COLLATE utf8_bin NULL DEFAULT NULL COMMENT '问题描述',
  `key_problem` varchar(5) CHARACTER SET utf8 COLLATE utf8_bin NULL DEFAULT NULL COMMENT '重点问题',
  `pro_state` bigint(25) NULL DEFAULT NULL COMMENT '状态',
  `message` varchar(255) CHARACTER SET utf8 COLLATE utf8_bin NULL DEFAULT NULL COMMENT '备注',
  `knowledge_id` bigint(25) NULL DEFAULT NULL,
  `sys_id` bigint(25) NULL DEFAULT NULL COMMENT '使用系统',
  `customer_id` bigint(255) NULL DEFAULT NULL COMMENT '客户名称',
  PRIMARY KEY (`re_id`) USING BTREE
) ENGINE = InnoDB AUTO_INCREMENT = 1 CHARACTER SET = utf8 COLLATE = utf8_bin ROW_FORMAT = Dynamic;

-- ----------------------------
-- Table structure for sys_dept
-- ----------------------------
DROP TABLE IF EXISTS `sys_dept`;
CREATE TABLE `sys_dept`  (
  `dept_id` bigint(20) NOT NULL AUTO_INCREMENT,
  `parent_id` bigint(20) NULL DEFAULT NULL COMMENT '上级部门ID，一级部门为0',
  `name` varchar(50) CHARACTER SET utf8 COLLATE utf8_general_ci NULL DEFAULT NULL COMMENT '部门名称',
  `order_num` int(11) NULL DEFAULT NULL COMMENT '排序',
  `del_flag` tinyint(4) NULL DEFAULT 0 COMMENT '是否删除  -1：已删除  0：正常',
  PRIMARY KEY (`dept_id`) USING BTREE
) ENGINE = InnoDB AUTO_INCREMENT = 3 CHARACTER SET = utf8 COLLATE = utf8_general_ci COMMENT = '部门管理' ROW_FORMAT = Dynamic;

-- ----------------------------
-- Records of sys_dept
-- ----------------------------
INSERT INTO `sys_dept` VALUES (2, 0, '开发部', 1, 0);
INSERT INTO `sys_dept` VALUES (4, 2, '测试', 0, 0);

-- ----------------------------
-- Table structure for sys_dict
-- ----------------------------
DROP TABLE IF EXISTS `sys_dict`;
CREATE TABLE `sys_dict`  (
  `id` bigint(64) NOT NULL AUTO_INCREMENT COMMENT '编号',
  `name` varchar(100) CHARACTER SET utf8 COLLATE utf8_bin NULL DEFAULT NULL COMMENT '标签名',
  `value` varchar(100) CHARACTER SET utf8 COLLATE utf8_bin NULL DEFAULT NULL COMMENT '数据值',
  `type` varchar(100) CHARACTER SET utf8 COLLATE utf8_bin NULL DEFAULT NULL COMMENT '类型',
  `description` varchar(100) CHARACTER SET utf8 COLLATE utf8_bin NULL DEFAULT NULL COMMENT '描述',
  `sort` decimal(10, 0) NULL DEFAULT NULL COMMENT '排序（升序）',
  `parent_id` bigint(64) NULL DEFAULT 0 COMMENT '父级编号',
  `create_by` int(64) NULL DEFAULT NULL COMMENT '创建者',
  `create_date` datetime(0) NULL DEFAULT NULL COMMENT '创建时间',
  `update_by` bigint(64) NULL DEFAULT NULL COMMENT '更新者',
  `update_date` datetime(0) NULL DEFAULT NULL COMMENT '更新时间',
  `remarks` varchar(255) CHARACTER SET utf8 COLLATE utf8_bin NULL DEFAULT NULL COMMENT '备注信息',
  `use_flag` tinyint(4) NULL DEFAULT 0 COMMENT '删除标记',
  `del_flag` varchar(128) CHARACTER SET utf8 COLLATE utf8_bin NULL DEFAULT NULL,
  PRIMARY KEY (`id`) USING BTREE,
  INDEX `sys_dict_value`(`value`) USING BTREE,
  INDEX `sys_dict_label`(`name`) USING BTREE,
  INDEX `sys_dict_del_flag`(`use_flag`) USING BTREE
) ENGINE = InnoDB AUTO_INCREMENT = 155 CHARACTER SET = utf8 COLLATE = utf8_bin COMMENT = '字典表' ROW_FORMAT = Dynamic;

-- ----------------------------
-- Records of sys_dict
-- ----------------------------
INSERT INTO `sys_dict` VALUES (96, '男', '1', 'sex', '性别', 10, 0, 1, NULL, 1, NULL, NULL, NULL, NULL);
INSERT INTO `sys_dict` VALUES (97, '女', '2', 'sex', '性别', 20, 0, 1, NULL, 1, NULL, '', NULL, NULL);
INSERT INTO `sys_dict` VALUES (124, '禁用', '0', 'userStatus', '用户状态', NULL, NULL, NULL, NULL, NULL, NULL, '', NULL, NULL);
INSERT INTO `sys_dict` VALUES (125, '正常', '1', 'userStatus', '用户状态', NULL, NULL, NULL, NULL, NULL, NULL, '', NULL, NULL);
INSERT INTO `sys_dict` VALUES (126, '启用', '1', 'cus_state', '客户状态', NULL, NULL, NULL, NULL, NULL, NULL, '', NULL, NULL);
INSERT INTO `sys_dict` VALUES (127, '禁用', '0', 'cus_state', '客户状态', NULL, NULL, NULL, NULL, NULL, NULL, '', NULL, NULL);
INSERT INTO `sys_dict` VALUES (128, '内部', '1', 'cus_property', '客户属性', NULL, NULL, NULL, NULL, NULL, NULL, '', NULL, NULL);
INSERT INTO `sys_dict` VALUES (129, '外部', '0', 'cus_property', '客户属性', NULL, NULL, NULL, NULL, NULL, NULL, '', NULL, NULL);
INSERT INTO `sys_dict` VALUES (130, '已完成', '1', 'pro_state', '问题状态', NULL, NULL, NULL, NULL, NULL, NULL, '', NULL, NULL);
INSERT INTO `sys_dict` VALUES (131, '未完成', '0', 'pro_state', '问题状态', NULL, NULL, NULL, NULL, NULL, NULL, '', NULL, NULL);
INSERT INTO `sys_dict` VALUES (132, '成功', '1', 'executeState', '调价状态', NULL, NULL, NULL, NULL, NULL, NULL, '', NULL, NULL);
INSERT INTO `sys_dict` VALUES (133, '失败', '0', 'executeState', '调价状态', NULL, NULL, NULL, NULL, NULL, NULL, '', NULL, NULL);
INSERT INTO `sys_dict` VALUES (134, '是', '1', 'key_problem', '重点问题', NULL, NULL, NULL, NULL, NULL, NULL, '', NULL, NULL);
INSERT INTO `sys_dict` VALUES (135, '否', '0', 'key_problem', '重点问题', NULL, NULL, NULL, NULL, NULL, NULL, '', NULL, NULL);
INSERT INTO `sys_dict` VALUES (136, '应用维护', '1', 'pro_type', '问题类型', NULL, NULL, NULL, NULL, NULL, NULL, '', NULL, NULL);
INSERT INTO `sys_dict` VALUES (137, '系统上线升级', '2', 'pro_type', '问题类型', NULL, NULL, NULL, NULL, NULL, NULL, '', NULL, NULL);
INSERT INTO `sys_dict` VALUES (142, '0~10m', '1', 'waste_time', '耗时', NULL, NULL, NULL, NULL, NULL, NULL, '', NULL, NULL);
INSERT INTO `sys_dict` VALUES (146, '全拼', '1', 'generateMode', '邮箱生成策略', NULL, NULL, NULL, NULL, NULL, NULL, '', NULL, NULL);
INSERT INTO `sys_dict` VALUES (147, '姓全拼+名首字母', '2', 'generateMode', '邮箱生成策略', NULL, NULL, NULL, NULL, NULL, NULL, '', NULL, NULL);
INSERT INTO `sys_dict` VALUES (152, '开通账号', '0', 'email_notify', '邮件通知', NULL, NULL, NULL, NULL, NULL, NULL, '', 1, NULL);
INSERT INTO `sys_dict` VALUES (153, '修改密码', '1', 'email_notify', '邮件通知', NULL, NULL, NULL, NULL, NULL, NULL, '', 1, NULL);
INSERT INTO `sys_dict` VALUES (154, '重置密码', '2', 'email_notify', '邮件通知', NULL, NULL, NULL, NULL, NULL, NULL, '', 1, NULL);

-- ----------------------------
-- Table structure for sys_menu
-- ----------------------------
DROP TABLE IF EXISTS `sys_menu`;
CREATE TABLE `sys_menu`  (
  `menu_id` bigint(20) NOT NULL AUTO_INCREMENT,
  `parent_id` bigint(20) NULL DEFAULT NULL COMMENT '父菜单ID，一级菜单为0',
  `name` varchar(50) CHARACTER SET utf8 COLLATE utf8_general_ci NULL DEFAULT NULL COMMENT '菜单名称',
  `url` varchar(200) CHARACTER SET utf8 COLLATE utf8_general_ci NULL DEFAULT NULL COMMENT '菜单URL',
  `perms` varchar(500) CHARACTER SET utf8 COLLATE utf8_general_ci NULL DEFAULT NULL COMMENT '授权(多个用逗号分隔，如：user:list,user:create)',
  `type` int(11) NULL DEFAULT NULL COMMENT '类型   0：目录   1：菜单   2：按钮',
  `icon` varchar(50) CHARACTER SET utf8 COLLATE utf8_general_ci NULL DEFAULT NULL COMMENT '菜单图标',
  `order_num` int(11) NULL DEFAULT NULL COMMENT '排序',
  `gmt_create` datetime(0) NULL DEFAULT NULL COMMENT '创建时间',
  `gmt_modified` datetime(0) NULL DEFAULT NULL COMMENT '修改时间',
  `menu_sign` varchar(20) CHARACTER SET utf8 COLLATE utf8_general_ci NULL DEFAULT NULL COMMENT '菜单标识',
  PRIMARY KEY (`menu_id`) USING BTREE
) ENGINE = InnoDB AUTO_INCREMENT = 419 CHARACTER SET = utf8 COLLATE = utf8_general_ci COMMENT = '菜单管理' ROW_FORMAT = Dynamic;

-- ----------------------------
-- Records of sys_menu
-- ----------------------------
INSERT INTO `sys_menu` VALUES (1, 0, '系统后台', 'sys/user', 'sys:model:backManagement', 0, NULL, 0, NULL, NULL, NULL);
INSERT INTO `sys_menu` VALUES (2, 3, '系统菜单', 'sys/menu', 'sys:menu:menu', 1, 'fa fa-th-list', 5, '2017-08-09 22:55:15', NULL, NULL);
INSERT INTO `sys_menu` VALUES (3, 1, '系统管理', '', '', 0, 'fa fa-cog', 1, '2017-08-09 23:06:55', '2017-08-14 14:13:43', NULL);
INSERT INTO `sys_menu` VALUES (6, 3, '用户管理', 'sys/user', 'sys:user:user', 1, 'fa fa-user', 3, '2017-08-10 14:12:11', NULL, NULL);
INSERT INTO `sys_menu` VALUES (7, 3, '角色管理', 'sys/role', 'sys:role:role', 1, 'fa fa-paw', 2, '2017-08-10 14:13:19', NULL, NULL);
INSERT INTO `sys_menu` VALUES (12, 6, '新增', '', 'sys:user:add', 2, '', NULL, '2017-08-14 10:51:35', NULL, NULL);
INSERT INTO `sys_menu` VALUES (13, 6, '编辑', '', 'sys:user:edit', 2, '', NULL, '2017-08-14 10:52:06', NULL, NULL);
INSERT INTO `sys_menu` VALUES (14, 6, '删除', NULL, 'sys:user:remove', 2, NULL, NULL, '2017-08-14 10:52:24', NULL, NULL);
INSERT INTO `sys_menu` VALUES (15, 7, '新增', '', 'sys:role:add', 2, '', NULL, '2017-08-14 10:56:37', NULL, NULL);
INSERT INTO `sys_menu` VALUES (20, 2, '新增', '', 'sys:menu:add', 2, '', NULL, '2017-08-14 10:59:32', NULL, NULL);
INSERT INTO `sys_menu` VALUES (21, 2, '编辑', '', 'sys:menu:edit', 2, '', NULL, '2017-08-14 10:59:56', NULL, NULL);
INSERT INTO `sys_menu` VALUES (22, 2, '删除', '', 'sys:menu:remove', 2, '', NULL, '2017-08-14 11:00:26', NULL, NULL);
INSERT INTO `sys_menu` VALUES (26, 6, '重置密码', '', 'sys:user:resetPwd', 2, '', NULL, '2017-08-14 17:28:34', NULL, NULL);
INSERT INTO `sys_menu` VALUES (55, 7, '编辑', '', 'sys:role:edit', 2, '', NULL, NULL, NULL, NULL);
INSERT INTO `sys_menu` VALUES (62, 7, '删除', '', 'sys:role:remove', 2, NULL, NULL, NULL, NULL, NULL);
INSERT INTO `sys_menu` VALUES (73, 3, '部门管理', 'sys/dept', 'sys:dept:dept', 1, 'fa fa-users', 1, NULL, NULL, NULL);
INSERT INTO `sys_menu` VALUES (74, 73, '增加', '', 'sys:dept:add', 2, NULL, NULL, NULL, NULL, NULL);
INSERT INTO `sys_menu` VALUES (75, 73, '刪除', '', 'sys:dept:remove', 2, NULL, NULL, NULL, NULL, NULL);
INSERT INTO `sys_menu` VALUES (76, 73, '编辑', '', 'sys:dept:edit', 2, NULL, NULL, NULL, NULL, NULL);
INSERT INTO `sys_menu` VALUES (78, 84, '数据字典', 'common/dict', 'common:dict:dict', 1, 'fa fa-book', 0, NULL, NULL, NULL);
INSERT INTO `sys_menu` VALUES (79, 78, '增加', '', 'common:dict:add', 2, NULL, NULL, NULL, NULL, NULL);
INSERT INTO `sys_menu` VALUES (80, 78, '编辑', '', 'common:dict:edit', 2, NULL, NULL, NULL, NULL, NULL);
INSERT INTO `sys_menu` VALUES (81, 78, '删除', '', 'common:dict:remove', 2, '', NULL, NULL, NULL, NULL);
INSERT INTO `sys_menu` VALUES (84, 1, '基础管理', '', '', 0, 'fa fa-bars', 0, '2017-08-09 22:49:47', NULL, NULL);
INSERT INTO `sys_menu` VALUES (104, 0, '运维平台', 'main', 'sys:model:operation', 0, '', 1, NULL, NULL, NULL);
INSERT INTO `sys_menu` VALUES (126, 84, '平台维护', 'common/platform', 'common:platform:platform', 1, '', 2, NULL, NULL, NULL);
INSERT INTO `sys_menu` VALUES (127, 126, '添加', '', 'common:platform:add', 2, '', NULL, NULL, NULL, NULL);
INSERT INTO `sys_menu` VALUES (128, 126, '删除', '', 'common:platform:remove', 2, '', NULL, NULL, NULL, NULL);
INSERT INTO `sys_menu` VALUES (129, 126, '编辑', '', 'common:platform:edit', 2, '', NULL, NULL, NULL, NULL);
INSERT INTO `sys_menu` VALUES (140, 84, '系统维护', 'common/gasSystem', 'common:gasSystem:gasSystem', 1, '', 3, NULL, NULL, NULL);
INSERT INTO `sys_menu` VALUES (141, 140, '增加', '', 'common:gasSystem:add', 2, '', NULL, NULL, NULL, NULL);
INSERT INTO `sys_menu` VALUES (142, 140, '删除', '', 'common:gasSystem:remove', 2, '', NULL, NULL, NULL, NULL);
INSERT INTO `sys_menu` VALUES (143, 140, '修改', '', 'common:gasSystem:edit', 2, '', NULL, NULL, NULL, NULL);
INSERT INTO `sys_menu` VALUES (204, 104, '运维', '', '', 0, 'fa fa-edit', 0, NULL, NULL, NULL);
INSERT INTO `sys_menu` VALUES (219, 204, '问题登记', 'operation/record', 'operation:record:record', 1, 'fa fa-pencil-square-o', 1, NULL, NULL, NULL);
INSERT INTO `sys_menu` VALUES (225, 104, '值班', '', '', 0, 'fa fa-fax', 2, NULL, NULL, NULL);
INSERT INTO `sys_menu` VALUES (226, 225, '周值班', 'duty/weekDuty', 'duty:weekduty', 1, '', 0, NULL, NULL, NULL);
INSERT INTO `sys_menu` VALUES (228, 225, '月值班', 'duty/monthDuty', '/duty/register', 1, '', 2, NULL, NULL, NULL);
INSERT INTO `sys_menu` VALUES (229, 225, '节假日值班', 'duty/holidayDuty', 'duty:holiday', 1, '', 3, NULL, NULL, NULL);
INSERT INTO `sys_menu` VALUES (232, 104, '点检', '', '', 0, 'fa fa-hand-pointer-o', 3, NULL, NULL, NULL);
INSERT INTO `sys_menu` VALUES (234, 232, '点检详情', 'operation/reading/', 'operation:reading:reading', 1, 'fa fa-search', 1, NULL, NULL, NULL);
INSERT INTO `sys_menu` VALUES (235, 3, '登录日志', 'sys/loginLog', 'sys:loginLog:loginLog', 1, '', 4, NULL, NULL, NULL);
INSERT INTO `sys_menu` VALUES (242, 204, '客户管理', 'operation/customermanage/', 'operation:customer:customer', 1, 'fa fa-drivers-license-o', NULL, NULL, NULL, NULL);
INSERT INTO `sys_menu` VALUES (243, 84, '区域维护', 'common/district', 'common:district:district', 1, '', 1, NULL, NULL, NULL);
INSERT INTO `sys_menu` VALUES (244, 243, '增加', '', 'common:district:add', 2, '', NULL, NULL, NULL, NULL);
INSERT INTO `sys_menu` VALUES (245, 243, '编辑', '', 'common:district:edit', 2, '', NULL, NULL, NULL, NULL);
INSERT INTO `sys_menu` VALUES (246, 243, '删除', '', 'common:district:remove', 2, '', NULL, NULL, NULL, NULL);
INSERT INTO `sys_menu` VALUES (296, 228, '值班管理', '', 'duty:month:register', 2, '', NULL, NULL, NULL, NULL);
INSERT INTO `sys_menu` VALUES (297, 228, '查看', '', '', 2, '', NULL, NULL, NULL, NULL);
INSERT INTO `sys_menu` VALUES (298, 226, '新奥周末管理', '', 'duty:week:xinao', 2, '', NULL, NULL, NULL, NULL);
INSERT INTO `sys_menu` VALUES (299, 226, '点检管理', '', 'duty:week:dianjian', 2, '', NULL, NULL, NULL, NULL);
INSERT INTO `sys_menu` VALUES (300, 226, '查看', '', '', 2, '', NULL, NULL, NULL, NULL);
INSERT INTO `sys_menu` VALUES (301, 229, '管理', '', 'duty:holidayduty:manage', 2, '', NULL, NULL, NULL, NULL);
INSERT INTO `sys_menu` VALUES (302, 229, '查看', '', '', 2, '', NULL, NULL, NULL, NULL);
INSERT INTO `sys_menu` VALUES (312, 242, '增加', '', 'operation:customer:add', 2, '', NULL, NULL, NULL, NULL);
INSERT INTO `sys_menu` VALUES (313, 242, '编辑', '', 'operation:customer:edit', 2, '', NULL, NULL, NULL, NULL);
INSERT INTO `sys_menu` VALUES (314, 242, '删除', '', 'operation:customer:remove', 2, '', NULL, NULL, NULL, NULL);
INSERT INTO `sys_menu` VALUES (315, 84, '问题类型', '/common/knowledgeClass', 'common:knowledgeClass:knowledgeClass', 1, 'fa fa-question-circle-o', 4, NULL, NULL, NULL);
INSERT INTO `sys_menu` VALUES (316, 315, '查看', '', '', 2, '', NULL, NULL, NULL, NULL);
INSERT INTO `sys_menu` VALUES (317, 315, '编辑', '', 'common:knowledgeClass:edit', 2, '', NULL, NULL, NULL, NULL);
INSERT INTO `sys_menu` VALUES (318, 315, '增加', '', 'common:knowledgeClass:add', 2, '', NULL, NULL, NULL, NULL);
INSERT INTO `sys_menu` VALUES (319, 315, '删除', '', 'common:knowledgeClass:remove', 2, '', NULL, NULL, NULL, NULL);
INSERT INTO `sys_menu` VALUES (325, 1, '系统设置', '', 'sys:settings', 2, '', NULL, NULL, NULL, NULL);
INSERT INTO `sys_menu` VALUES (361, 242, '查看', '', '', 2, '', NULL, NULL, NULL, NULL);
INSERT INTO `sys_menu` VALUES (367, 234, '增加', '', 'operation:reading:add', 2, '', NULL, NULL, NULL, NULL);
INSERT INTO `sys_menu` VALUES (368, 234, '修改', '', 'operation:reading:edit', 2, '', NULL, NULL, NULL, NULL);
INSERT INTO `sys_menu` VALUES (370, 234, '查看', '', 'operation:reading:reading', 2, '', NULL, NULL, NULL, NULL);
INSERT INTO `sys_menu` VALUES (416, 6, '导出', '', 'sys:user:export', 2, '', NULL, NULL, NULL, NULL);
INSERT INTO `sys_menu` VALUES (417, 234, '导出', '', 'operation:reading:educe', 2, '', 4, NULL, NULL, NULL);
INSERT INTO `sys_menu` VALUES (418, 242, '导出', '', 'operation:customer:export', 2, '', NULL, NULL, NULL, NULL);

-- ----------------------------
-- Table structure for sys_role
-- ----------------------------
DROP TABLE IF EXISTS `sys_role`;
CREATE TABLE `sys_role`  (
  `role_id` bigint(20) NOT NULL AUTO_INCREMENT,
  `role_name` varchar(100) CHARACTER SET utf8 COLLATE utf8_general_ci NULL DEFAULT NULL COMMENT '角色名称',
  `role_sign` varchar(100) CHARACTER SET utf8 COLLATE utf8_general_ci NULL DEFAULT NULL COMMENT '角色标识',
  `remark` varchar(100) CHARACTER SET utf8 COLLATE utf8_general_ci NULL DEFAULT NULL COMMENT '备注',
  `user_id_create` bigint(255) NULL DEFAULT NULL COMMENT '创建用户id',
  `gmt_create` datetime(0) NULL DEFAULT NULL COMMENT '创建时间',
  `gmt_modified` datetime(0) NULL DEFAULT NULL COMMENT '创建时间',
  PRIMARY KEY (`role_id`) USING BTREE
) ENGINE = InnoDB AUTO_INCREMENT = 85 CHARACTER SET = utf8 COLLATE = utf8_general_ci COMMENT = '角色' ROW_FORMAT = Dynamic;

-- ----------------------------
-- Records of sys_role
-- ----------------------------
INSERT INTO `sys_role` VALUES (1, '超级用户角色', 'admin', '拥有最高权限', 1, '2018-07-17 18:08:37', '2018-10-15 13:05:43');

-- ----------------------------
-- Table structure for sys_role_menu
-- ----------------------------
DROP TABLE IF EXISTS `sys_role_menu`;
CREATE TABLE `sys_role_menu`  (
  `id` bigint(20) NOT NULL AUTO_INCREMENT,
  `role_id` bigint(20) NULL DEFAULT NULL COMMENT '角色ID',
  `menu_id` bigint(20) NULL DEFAULT NULL COMMENT '菜单ID',
  PRIMARY KEY (`id`) USING BTREE
) ENGINE = InnoDB AUTO_INCREMENT = 13927 CHARACTER SET = utf8 COLLATE = utf8_general_ci COMMENT = '角色与菜单对应关系' ROW_FORMAT = Dynamic;

-- ----------------------------
-- Records of sys_role_menu
-- ----------------------------
INSERT INTO `sys_role_menu` VALUES (13835, 1, 325);
INSERT INTO `sys_role_menu` VALUES (13836, 1, 79);
INSERT INTO `sys_role_menu` VALUES (13837, 1, 80);
INSERT INTO `sys_role_menu` VALUES (13838, 1, 81);
INSERT INTO `sys_role_menu` VALUES (13839, 1, 244);
INSERT INTO `sys_role_menu` VALUES (13840, 1, 245);
INSERT INTO `sys_role_menu` VALUES (13841, 1, 246);
INSERT INTO `sys_role_menu` VALUES (13842, 1, 127);
INSERT INTO `sys_role_menu` VALUES (13843, 1, 128);
INSERT INTO `sys_role_menu` VALUES (13844, 1, 129);
INSERT INTO `sys_role_menu` VALUES (13845, 1, 141);
INSERT INTO `sys_role_menu` VALUES (13846, 1, 142);
INSERT INTO `sys_role_menu` VALUES (13847, 1, 143);
INSERT INTO `sys_role_menu` VALUES (13848, 1, 316);
INSERT INTO `sys_role_menu` VALUES (13849, 1, 317);
INSERT INTO `sys_role_menu` VALUES (13850, 1, 318);
INSERT INTO `sys_role_menu` VALUES (13851, 1, 319);
INSERT INTO `sys_role_menu` VALUES (13852, 1, 74);
INSERT INTO `sys_role_menu` VALUES (13853, 1, 75);
INSERT INTO `sys_role_menu` VALUES (13854, 1, 76);
INSERT INTO `sys_role_menu` VALUES (13855, 1, 15);
INSERT INTO `sys_role_menu` VALUES (13856, 1, 55);
INSERT INTO `sys_role_menu` VALUES (13857, 1, 62);
INSERT INTO `sys_role_menu` VALUES (13858, 1, 12);
INSERT INTO `sys_role_menu` VALUES (13859, 1, 13);
INSERT INTO `sys_role_menu` VALUES (13860, 1, 14);
INSERT INTO `sys_role_menu` VALUES (13861, 1, 26);
INSERT INTO `sys_role_menu` VALUES (13862, 1, 416);
INSERT INTO `sys_role_menu` VALUES (13863, 1, 235);
INSERT INTO `sys_role_menu` VALUES (13864, 1, 20);
INSERT INTO `sys_role_menu` VALUES (13865, 1, 21);
INSERT INTO `sys_role_menu` VALUES (13866, 1, 22);
INSERT INTO `sys_role_menu` VALUES (13867, 1, 312);
INSERT INTO `sys_role_menu` VALUES (13868, 1, 313);
INSERT INTO `sys_role_menu` VALUES (13869, 1, 314);
INSERT INTO `sys_role_menu` VALUES (13870, 1, 361);
INSERT INTO `sys_role_menu` VALUES (13871, 1, 219);
INSERT INTO `sys_role_menu` VALUES (13872, 1, 298);
INSERT INTO `sys_role_menu` VALUES (13873, 1, 299);
INSERT INTO `sys_role_menu` VALUES (13874, 1, 300);
INSERT INTO `sys_role_menu` VALUES (13875, 1, 296);
INSERT INTO `sys_role_menu` VALUES (13876, 1, 297);
INSERT INTO `sys_role_menu` VALUES (13877, 1, 301);
INSERT INTO `sys_role_menu` VALUES (13878, 1, 302);
INSERT INTO `sys_role_menu` VALUES (13879, 1, 370);
INSERT INTO `sys_role_menu` VALUES (13880, 1, 417);
INSERT INTO `sys_role_menu` VALUES (13881, 1, 387);
INSERT INTO `sys_role_menu` VALUES (13882, 1, 388);
INSERT INTO `sys_role_menu` VALUES (13883, 1, 389);
INSERT INTO `sys_role_menu` VALUES (13884, 1, 390);
INSERT INTO `sys_role_menu` VALUES (13885, 1, 382);
INSERT INTO `sys_role_menu` VALUES (13886, 1, 383);
INSERT INTO `sys_role_menu` VALUES (13887, 1, 384);
INSERT INTO `sys_role_menu` VALUES (13888, 1, 385);
INSERT INTO `sys_role_menu` VALUES (13889, 1, 377);
INSERT INTO `sys_role_menu` VALUES (13890, 1, 378);
INSERT INTO `sys_role_menu` VALUES (13891, 1, 379);
INSERT INTO `sys_role_menu` VALUES (13892, 1, 380);
INSERT INTO `sys_role_menu` VALUES (13893, 1, 372);
INSERT INTO `sys_role_menu` VALUES (13894, 1, 373);
INSERT INTO `sys_role_menu` VALUES (13895, 1, 374);
INSERT INTO `sys_role_menu` VALUES (13896, 1, 375);
INSERT INTO `sys_role_menu` VALUES (13897, 1, 125);
INSERT INTO `sys_role_menu` VALUES (13898, 1, 78);
INSERT INTO `sys_role_menu` VALUES (13899, 1, 243);
INSERT INTO `sys_role_menu` VALUES (13900, 1, 126);
INSERT INTO `sys_role_menu` VALUES (13901, 1, 140);
INSERT INTO `sys_role_menu` VALUES (13902, 1, 315);
INSERT INTO `sys_role_menu` VALUES (13903, 1, 84);
INSERT INTO `sys_role_menu` VALUES (13904, 1, 73);
INSERT INTO `sys_role_menu` VALUES (13905, 1, 7);
INSERT INTO `sys_role_menu` VALUES (13906, 1, 6);
INSERT INTO `sys_role_menu` VALUES (13907, 1, 2);
INSERT INTO `sys_role_menu` VALUES (13908, 1, 3);
INSERT INTO `sys_role_menu` VALUES (13909, 1, 1);
INSERT INTO `sys_role_menu` VALUES (13910, 1, 226);
INSERT INTO `sys_role_menu` VALUES (13911, 1, 228);
INSERT INTO `sys_role_menu` VALUES (13912, 1, 229);
INSERT INTO `sys_role_menu` VALUES (13913, 1, 225);
INSERT INTO `sys_role_menu` VALUES (13914, 1, 386);
INSERT INTO `sys_role_menu` VALUES (13915, 1, 381);
INSERT INTO `sys_role_menu` VALUES (13916, 1, 376);
INSERT INTO `sys_role_menu` VALUES (13917, 1, 371);
INSERT INTO `sys_role_menu` VALUES (13918, 1, 335);
INSERT INTO `sys_role_menu` VALUES (13919, 1, 106);
INSERT INTO `sys_role_menu` VALUES (13920, 1, 418);
INSERT INTO `sys_role_menu` VALUES (13921, 1, 242);
INSERT INTO `sys_role_menu` VALUES (13922, 1, 204);
INSERT INTO `sys_role_menu` VALUES (13923, 1, -1);
INSERT INTO `sys_role_menu` VALUES (13924, 1, 104);
INSERT INTO `sys_role_menu` VALUES (13925, 1, 232);
INSERT INTO `sys_role_menu` VALUES (13926, 1, 234);

-- ----------------------------
-- Table structure for sys_user
-- ----------------------------
DROP TABLE IF EXISTS `sys_user`;
CREATE TABLE `sys_user`  (
  `user_id` bigint(20) NOT NULL AUTO_INCREMENT,
  `username` varchar(50) CHARACTER SET utf8 COLLATE utf8_general_ci NULL DEFAULT NULL COMMENT '用户名',
  `name` varchar(100) CHARACTER SET utf8 COLLATE utf8_general_ci NULL DEFAULT NULL,
  `password` varchar(50) CHARACTER SET utf8 COLLATE utf8_general_ci NULL DEFAULT NULL COMMENT '密码',
  `dept_id` bigint(20) NULL DEFAULT NULL,
  `email` varchar(100) CHARACTER SET utf8 COLLATE utf8_general_ci NULL DEFAULT NULL COMMENT '邮箱',
  `mobile` varchar(100) CHARACTER SET utf8 COLLATE utf8_general_ci NULL DEFAULT NULL COMMENT '手机号',
  `status` tinyint(255) NULL DEFAULT NULL COMMENT '状态 0:禁用，1:正常',
  `user_id_create` bigint(255) NULL DEFAULT NULL COMMENT '创建用户id',
  `gmt_create` datetime(0) NULL DEFAULT NULL COMMENT '创建时间',
  `gmt_modified` datetime(0) NULL DEFAULT NULL COMMENT '修改时间',
  `sex` bigint(32) NULL DEFAULT NULL COMMENT '性别',
  `birth` datetime(0) NULL DEFAULT NULL COMMENT '出身日期',
  `pic_id` bigint(32) NULL DEFAULT NULL,
  `live_address` varchar(500) CHARACTER SET utf8 COLLATE utf8_general_ci NULL DEFAULT NULL COMMENT '现居住地',
  `hobby` varchar(255) CHARACTER SET utf8 COLLATE utf8_general_ci NULL DEFAULT NULL COMMENT '爱好',
  `province` varchar(255) CHARACTER SET utf8 COLLATE utf8_general_ci NULL DEFAULT NULL COMMENT '省份',
  `city` varchar(255) CHARACTER SET utf8 COLLATE utf8_general_ci NULL DEFAULT NULL COMMENT '所在城市',
  `district` varchar(255) CHARACTER SET utf8 COLLATE utf8_general_ci NULL DEFAULT NULL COMMENT '所在地区',
  `homepage` bigint(20) NULL DEFAULT NULL COMMENT '登陆后跳转的页面',
  PRIMARY KEY (`user_id`) USING BTREE
) ENGINE = InnoDB AUTO_INCREMENT = 2 CHARACTER SET = utf8 COLLATE = utf8_general_ci ROW_FORMAT = Dynamic;

-- ----------------------------
-- Records of sys_user
-- ----------------------------
INSERT INTO `sys_user` VALUES (1, 'admin', '超级管理员', '04540e05a7aca7d4dcae45a92476b7eb', 2, 'test@163.com', NULL, 1, NULL, NULL, '2020-07-29 07:25:56', 1, NULL, NULL, NULL, NULL, '440000', '441800', '441802', 1);

-- ----------------------------
-- Table structure for sys_user_role
-- ----------------------------
DROP TABLE IF EXISTS `sys_user_role`;
CREATE TABLE `sys_user_role`  (
  `id` bigint(20) NOT NULL AUTO_INCREMENT,
  `user_id` bigint(20) NULL DEFAULT NULL COMMENT '用户ID',
  `role_id` bigint(20) NULL DEFAULT NULL COMMENT '角色ID',
  PRIMARY KEY (`id`) USING BTREE
) ENGINE = InnoDB AUTO_INCREMENT = 6 CHARACTER SET = utf8 COLLATE = utf8_general_ci COMMENT = '用户与角色对应关系' ROW_FORMAT = Dynamic;

-- ----------------------------
-- Records of sys_user_role
-- ----------------------------
INSERT INTO `sys_user_role` VALUES (5, 1, 1);

SET FOREIGN_KEY_CHECKS = 1;
